requested_expiry,local_symbol,conid,date,open,high,low,close,volume
202610,IV6,873309581,2026-04-14,97.32,97.38,97.315,97.38,40.0
202610,IV6,873309581,2026-04-15,97.405,97.405,97.38,97.38,4.0
202610,IV6,873309581,2026-04-16,97.44,97.45,97.415,97.415,56.0
202610,IV6,873309581,2026-04-17,97.41,97.53,97.41,97.53,1.0
202610,IV6,873309581,2026-04-20,97.475,97.49,97.46,97.485,33.0
202610,IV6,873309581,2026-04-21,97.485,97.495,97.41,97.43,67.0
202610,IV6,873309581,2026-04-22,97.425,97.425,97.37,97.38,51.0
202610,IV6,873309581,2026-04-23,97.365,97.38,97.36,97.37,72.0
202610,IV6,873309581,2026-04-24,97.315,97.37,97.31,97.36,42.0
202610,IV6,873309581,2026-04-27,97.36,97.36,97.355,97.355,1.0
202610,IV6,873309581,2026-04-28,97.345,97.345,97.24,97.27,73.0
202610,IV6,873309581,2026-04-29,97.225,97.225,97.18,97.19,66.0
202610,IV6,873309581,2026-04-30,97.135,97.245,97.135,97.245,85.0
202610,IV6,873309581,2026-05-04,97.205,97.21,97.195,97.195,71.0
202610,IV6,873309581,2026-05-05,97.195,97.22,97.19,97.22,44.0
202610,IV6,873309581,2026-05-06,97.345,97.4,97.33,97.355,66.0
202610,IV6,873309581,2026-05-07,97.375,97.39,97.34,97.355,63.0
202610,IV6,873309581,2026-05-08,97.32,97.345,97.305,97.33,31.0
202610,IV6,873309581,2026-05-11,97.29,97.29,97.265,97.28,63.0
202610,IV6,873309581,2026-05-12,97.25,97.25,97.235,97.24,106.0
202610,IV6,873309581,2026-05-13,97.265,97.28,97.245,97.25,33.0
202610,IV6,873309581,2026-05-14,97.28,97.3,97.265,97.3,72.0
202610,IV6,873309581,2026-05-15,97.26,97.26,97.25,97.25,48.0
202610,IV6,873309581,2026-05-18,97.25,97.305,97.245,97.27,57.0
202610,IV6,873309581,2026-05-19,97.305,97.305,97.26,97.27,17.0
202610,IV6,873309581,2026-05-20,97.295,97.345,97.28,97.33,63.0
202610,IV6,873309581,2026-05-21,97.355,97.39,97.31,97.315,194.0
202610,IV6,873309581,2026-05-22,97.355,97.375,97.345,97.35,103.0
202610,IV6,873309581,2026-05-25,97.43,97.46,97.43,97.46,36.0
202610,IV6,873309581,2026-05-26,97.425,97.425,97.38,97.38,131.0
202610,IV6,873309581,2026-05-27,97.4,97.41,97.39,97.39,70.0
202610,IV6,873309581,2026-05-28,97.355,97.415,97.355,97.415,89.0
202610,IV6,873309581,2026-05-29,97.43,97.445,97.425,97.44,39.0
202610,IV6,873309581,2026-06-01,97.425,97.425,97.345,97.345,189.0
202610,IV6,873309581,2026-06-02,97.39,97.39,97.355,97.355,55.0
202610,IV6,873309581,2026-06-03,97.32,97.34,97.32,97.33,57.0
202610,IV6,873309581,2026-06-04,97.36,97.365,97.345,97.35,184.0
202610,IV6,873309581,2026-06-05,97.36,97.36,97.31,97.32,87.0
202610,IV6,873309581,2026-06-08,97.315,97.325,97.29,97.305,73.0
202610,IV6,873309581,2026-06-09,97.325,97.335,97.32,97.325,156.0
202610,IV6,873309581,2026-06-10,97.33,97.33,97.3,97.305,65.0
202610,IV6,873309581,2026-06-11,97.31,97.38,97.305,97.34,306.0
202610,IV6,873309581,2026-06-12,97.37,97.4,97.37,97.38,89.0
202610,IV6,873309581,2026-06-15,97.44,97.44,97.41,97.42,1110.0
202610,IV6,873309581,2026-06-16,97.415,97.425,97.41,97.415,388.0
202610,IV6,873309581,2026-06-17,97.42,97.42,97.365,97.41,286.0
202610,IV6,873309581,2026-06-18,97.395,97.41,97.38,97.405,755.0
202610,IV6,873309581,2026-06-19,97.38,97.395,97.375,97.38,329.0
202610,IV6,873309581,2026-06-22,97.39,97.42,97.38,97.42,605.0
202610,IV6,873309581,2026-06-23,97.42,97.435,97.42,97.425,471.0
202610,IV6,873309581,2026-06-24,97.425,97.45,97.425,97.45,1567.0
202610,IV6,873309581,2026-06-25,97.44,97.47,97.44,97.455,2318.0
202610,IV6,873309581,2026-06-26,97.455,97.48,97.455,97.475,4246.0
202610,IV6,873309581,2026-06-29,97.46,97.46,97.45,97.455,663.0
202610,IV6,873309581,2026-06-30,97.46,97.485,97.46,97.465,923.0
202610,IV6,873309581,2026-07-01,97.465,97.49,97.455,97.49,656.0
202610,IV6,873309581,2026-07-02,97.49,97.525,97.485,97.525,827.0
202610,IV6,873309581,2026-07-03,97.52,97.52,97.5,97.505,334.0
202610,IV6,873309581,2026-07-06,97.51,97.515,97.495,97.5,263.0
202610,IV6,873309581,2026-07-07,97.48,97.48,97.425,97.465,763.0
202610,IV6,873309581,2026-07-08,97.42,97.425,97.36,97.365,736.0
202610,IV6,873309581,2026-07-09,97.38,97.395,97.375,97.395,297.0
202610,IV6,873309581,2026-07-10,97.41,97.42,97.39,97.395,1737.0
202610,IV6,873309581,2026-07-13,97.365,97.385,97.31,97.345,3972.0
202610,IV6,873309581,2026-07-14,97.295,97.355,97.275,97.345,2688.0
202610,IV6,873309581,2026-07-15,97.32,97.355,97.32,97.35,1656.0
202610,IV6,873309581,2026-07-16,97.33,97.34,97.32,97.335,1691.0
202610,IV6,873309581,2026-07-17,97.34,97.345,97.32,97.33,3079.0
202610,IV6,873309581,2026-07-20,97.31,97.34,97.295,97.33,4024.0
202610,IV6,873309581,2026-07-21,97.335,97.34,97.325,97.335,4738.0
202610,IV6,873309581,2026-07-22,97.325,97.33,97.305,97.31,1862.0
202610,IV6,873309581,2026-07-23,97.31,97.31,97.285,97.29,3419.0
202610,IV6,873309581,2026-07-24,97.3,97.325,97.3,97.32,2678.0
202610,IV6,873309581,2026-07-27,97.33,97.35,97.33,97.34,636.0
202610,IV6,873309581,2026-07-28,97.345,97.365,97.34,97.35,3018.0
202610,IV6,873309581,2026-07-29,97.355,97.355,97.315,97.32,1320.0
202610,IV6,873309581,2026-07-30,97.335,97.35,97.33,97.34,665.0
202610,IV6,873309581,2026-07-31,97.355,97.355,97.32,97.325,1214.0
202610,IV6,873309581,2026-08-03,97.34,97.355,97.34,97.345,430.0
202610,IV6,873309581,2026-08-04,97.345,97.385,97.335,97.36,2688.0
202610,IV6,873309581,2026-08-05,97.385,97.385,97.37,97.375,11004.0
202610,IV6,873309581,2026-08-06,97.375,97.375,97.36,97.375,2651.0
202610,IV6,873309581,2026-08-07,97.365,97.38,97.36,97.375,4163.0
202610,IV6,873309581,2026-08-10,97.37,97.37,97.345,97.355,3972.0
202610,IV6,873309581,2026-08-11,97.345,97.36,97.34,97.355,346.0
202610,IV6,873309581,2026-08-12,97.345,97.36,97.34,97.345,2286.0
202610,IV6,873309581,2026-08-13,97.345,97.355,97.34,97.355,2436.0
202610,IV6,873309581,2026-08-14,97.345,97.35,97.335,97.34,2575.0
202610,IV6,873309581,2026-08-17,97.34,97.35,97.335,97.34,3923.0
202610,IV6,873309581,2026-08-18,97.33,97.335,97.32,97.325,1280.0
202610,IV6,873309581,2026-08-19,97.33,97.33,97.32,97.32,2244.0
202610,IV6,873309581,2026-08-20,97.325,97.33,97.315,97.33,3678.0
202610,IV6,873309581,2026-08-21,97.325,97.335,97.32,97.33,2639.0
202610,IV6,873309581,2026-08-24,97.33,97.33,97.31,97.315,3118.0
202610,IV6,873309581,2026-08-25,97.315,97.35,97.305,97.325,2750.0
202610,IV6,873309581,2026-08-26,97.345,97.345,97.32,97.325,2152.0
202610,IV6,873309581,2026-08-27,97.325,97.325,97.315,97.32,903.0
202610,IV6,873309581,2026-08-28,97.31,97.325,97.305,97.31,3433.0
202610,IV6,873309581,2026-08-31,97.315,97.32,97.3,97.31,2200.0
202610,IV6,873309581,2026-09-01,97.3,97.305,97.285,97.3,4093.0
202610,IV6,873309581,2026-09-02,97.28,97.29,97.275,97.285,6857.0
202610,IV6,873309581,2026-09-03,97.29,97.305,97.29,97.295,3377.0
202610,IV6,873309581,2026-09-04,97.29,97.31,97.285,97.3,4132.0
202610,IV6,873309581,2026-09-07,97.3,97.3,97.29,97.295,4739.0
202610,IV6,873309581,2026-09-08,97.295,97.3,97.29,97.3,5026.0
202610,IV6,873309581,2026-09-09,97.295,97.3,97.275,97.285,5757.0
202610,IV6,873309581,2026-09-10,97.28,97.29,97.17,97.21,12213.0
202610,IV6,873309581,2026-09-11,97.18,97.21,97.18,97.2,9835.0
202610,IV6,873309581,2026-09-14,97.2,97.2,97.15,97.165,18004.0
202610,IV6,873309581,2026-09-15,97.175,97.21,97.16,97.2,26093.0
202610,IV6,873309581,2026-09-16,97.2,97.215,97.19,97.21,15847.0
202610,IV6,873309581,2026-09-17,97.2,97.22,97.2,97.215,18775.0
202610,IV6,873309581,2026-09-18,97.2,97.215,97.19,97.195,15480.0
202610,IV6,873309581,2026-09-21,97.205,97.23,97.205,97.225,9861.0
202610,IV6,873309581,2026-09-22,97.215,97.24,97.21,97.23,12657.0
202610,IV6,873309581,2026-09-23,97.235,97.235,97.19,97.205,20540.0
202610,IV6,873309581,2026-09-24,97.19,97.23,97.19,97.205,17914.0
202610,IV6,873309581,2026-09-25,97.23,97.235,97.225,97.235,1628.0
202612,IZ6,460390619,2024-09-26,97.995,98.045,97.985,98.0,44235.0
202612,IZ6,460390619,2024-09-27,97.995,98.05,97.975,98.02,40925.0
202612,IZ6,460390619,2024-09-30,98.03,98.06,97.985,98.035,46988.0
202612,IZ6,460390619,2024-10-01,98.03,98.145,98.03,98.105,45768.0
202612,IZ6,460390619,2024-10-02,98.105,98.125,98.05,98.065,37833.0
202612,IZ6,460390619,2024-10-03,98.06,98.07,97.995,98.015,25109.0
202612,IZ6,460390619,2024-10-04,98.0,98.005,97.875,97.89,45129.0
202612,IZ6,460390619,2024-10-07,97.87,97.88,97.805,97.825,57902.0
202612,IZ6,460390619,2024-10-08,97.84,97.865,97.83,97.845,41615.0
202612,IZ6,460390619,2024-10-09,97.86,97.885,97.81,97.835,25979.0
202612,IZ6,460390619,2024-10-10,97.81,97.87,97.765,97.84,40892.0
202612,IZ6,460390619,2024-10-11,97.865,97.895,97.82,97.855,36422.0
202612,IZ6,460390619,2024-10-14,97.89,97.89,97.86,97.865,15424.0
202612,IZ6,460390619,2024-10-15,97.885,97.945,97.885,97.935,27467.0
202612,IZ6,460390619,2024-10-16,97.925,97.98,97.925,97.975,24186.0
202612,IZ6,460390619,2024-10-17,97.97,98.02,97.95,97.985,47752.0
202612,IZ6,460390619,2024-10-18,98.005,98.03,97.97,98.025,33447.0
202612,IZ6,460390619,2024-10-21,98.02,98.03,97.925,97.935,30167.0
202612,IZ6,460390619,2024-10-22,97.925,97.95,97.885,97.915,38164.0
202612,IZ6,460390619,2024-10-23,97.925,97.945,97.91,97.915,38847.0
202612,IZ6,460390619,2024-10-24,97.91,97.985,97.905,97.97,37477.0
202612,IZ6,460390619,2024-10-25,97.935,97.965,97.905,97.93,26145.0
202612,IZ6,460390619,2024-10-28,97.895,97.99,97.875,97.955,32036.0
202612,IZ6,460390619,2024-10-29,97.965,97.98,97.91,97.92,26993.0
202612,IZ6,460390619,2024-10-30,97.945,97.955,97.775,97.83,59893.0
202612,IZ6,460390619,2024-10-31,97.775,97.815,97.715,97.785,74360.0
202612,IZ6,460390619,2024-11-01,97.805,97.87,97.775,97.81,38260.0
202612,IZ6,460390619,2024-11-04,97.825,97.84,97.775,97.8,51683.0
202612,IZ6,460390619,2024-11-05,97.79,97.79,97.72,97.745,32726.0
202612,IZ6,460390619,2024-11-06,97.73,97.89,97.685,97.85,79195.0
202612,IZ6,460390619,2024-11-07,97.86,97.9,97.795,97.86,51271.0
202612,IZ6,460390619,2024-11-08,97.855,97.915,97.85,97.88,37168.0
202612,IZ6,460390619,2024-11-11,97.895,97.965,97.89,97.965,31498.0
202612,IZ6,460390619,2024-11-12,97.955,97.985,97.895,97.95,37994.0
202612,IZ6,460390619,2024-11-13,97.905,97.93,97.865,97.915,49049.0
202612,IZ6,460390619,2024-11-14,97.89,97.99,97.87,97.97,39045.0
202612,IZ6,460390619,2024-11-15,97.955,97.985,97.915,97.96,38152.0
202612,IZ6,460390619,2024-11-18,97.97,97.975,97.885,97.925,37571.0
202612,IZ6,460390619,2024-11-19,97.935,98.0,97.915,97.935,36763.0
202612,IZ6,460390619,2024-11-20,97.925,97.925,97.88,97.905,31201.0
202612,IZ6,460390619,2024-11-21,97.895,97.955,97.885,97.935,29840.0
202612,IZ6,460390619,2024-11-22,97.93,98.045,97.905,98.0,59735.0
202612,IZ6,460390619,2024-11-25,97.995,98.045,97.98,98.025,27003.0
202612,IZ6,460390619,2024-11-26,98.02,98.035,97.98,98.0,42430.0
202612,IZ6,460390619,2024-11-27,98.015,98.045,97.99,98.005,44696.0
202612,IZ6,460390619,2024-11-28,98.005,98.08,98.0,98.065,31344.0
202612,IZ6,460390619,2024-11-29,98.075,98.15,98.065,98.125,40031.0
202612,IZ6,460390619,2024-12-02,98.135,98.205,98.12,98.195,49800.0
202612,IZ6,460390619,2024-12-03,98.195,98.205,98.155,98.175,48291.0
202612,IZ6,460390619,2024-12-04,98.17,98.19,98.125,98.155,42968.0
202612,IZ6,460390619,2024-12-05,98.185,98.19,98.085,98.09,43352.0
202612,IZ6,460390619,2024-12-06,98.11,98.14,98.07,98.11,31041.0
202612,IZ6,460390619,2024-12-09,98.14,98.17,98.115,98.135,28984.0
202612,IZ6,460390619,2024-12-10,98.13,98.165,98.115,98.145,39703.0
202612,IZ6,460390619,2024-12-11,98.145,98.2,98.135,98.16,38412.0
202612,IZ6,460390619,2024-12-12,98.145,98.185,98.045,98.105,63220.0
202612,IZ6,460390619,2024-12-13,98.055,98.08,97.99,98.025,47222.0
202612,IZ6,460390619,2024-12-16,98.005,98.055,97.995,98.04,38211.0
202612,IZ6,460390619,2024-12-17,98.04,98.045,97.995,98.015,41120.0
202612,IZ6,460390619,2024-12-18,98.0,98.035,97.935,98.015,36145.0
202612,IZ6,460390619,2024-12-19,97.94,97.985,97.925,97.945,37738.0
202612,IZ6,460390619,2024-12-20,97.965,98.02,97.95,97.99,29213.0
202612,IZ6,460390619,2024-12-23,97.975,97.98,97.93,97.94,21592.0
202612,IZ6,460390619,2024-12-24,97.945,97.95,97.925,97.93,2990.0
202612,IZ6,460390619,2024-12-27,97.94,97.95,97.87,97.895,27454.0
202612,IZ6,460390619,2024-12-30,97.87,97.94,97.87,97.935,24171.0
202612,IZ6,460390619,2024-12-31,97.94,97.955,97.93,97.935,2834.0
202612,IZ6,460390619,2025-01-02,97.935,98.0,97.91,97.94,35677.0
202612,IZ6,460390619,2025-01-03,97.94,97.95,97.845,97.855,49634.0
202612,IZ6,460390619,2025-01-06,97.84,97.85,97.785,97.795,53850.0
202612,IZ6,460390619,2025-01-07,97.81,97.835,97.795,97.805,54151.0
202612,IZ6,460390619,2025-01-08,97.82,97.83,97.765,97.805,41980.0
202612,IZ6,460390619,2025-01-09,97.8,97.805,97.75,97.765,36162.0
202612,IZ6,460390619,2025-01-10,97.755,97.755,97.675,97.705,60223.0
202612,IZ6,460390619,2025-01-13,97.68,97.69,97.635,97.675,50309.0
202612,IZ6,460390619,2025-01-14,97.675,97.71,97.625,97.645,56490.0
202612,IZ6,460390619,2025-01-15,97.64,97.775,97.63,97.755,67149.0
202612,IZ6,460390619,2025-01-16,97.755,97.795,97.72,97.78,63119.0
202612,IZ6,460390619,2025-01-17,97.775,97.815,97.775,97.795,37334.0
202612,IZ6,460390619,2025-01-20,97.795,97.805,97.765,97.8,35168.0
202612,IZ6,460390619,2025-01-21,97.79,97.825,97.765,97.805,31885.0
202612,IZ6,460390619,2025-01-22,97.795,97.825,97.765,97.79,21325.0
202612,IZ6,460390619,2025-01-23,97.775,97.79,97.74,97.75,42128.0
202612,IZ6,460390619,2025-01-24,97.765,97.77,97.685,97.71,49673.0
202612,IZ6,460390619,2025-01-27,97.725,97.785,97.715,97.735,42688.0
202612,IZ6,460390619,2025-01-28,97.735,97.745,97.71,97.72,36372.0
202612,IZ6,460390619,2025-01-29,97.735,97.755,97.69,97.71,40682.0
202612,IZ6,460390619,2025-01-30,97.715,97.81,97.715,97.79,63494.0
202612,IZ6,460390619,2025-01-31,97.785,97.895,97.765,97.89,81279.0
202612,IZ6,460390619,2025-02-03,97.95,98.0,97.92,97.97,77413.0
202612,IZ6,460390619,2025-02-04,97.94,97.975,97.915,97.96,45530.0
202612,IZ6,460390619,2025-02-05,97.97,98.01,97.96,97.98,60878.0
202612,IZ6,460390619,2025-02-06,97.965,97.985,97.93,97.97,46107.0
202612,IZ6,460390619,2025-02-07,97.965,97.985,97.915,97.955,53195.0
202612,IZ6,460390619,2025-02-10,97.975,98.01,97.96,98.0,26062.0
202612,IZ6,460390619,2025-02-11,97.995,98.0,97.92,97.925,35477.0
202612,IZ6,460390619,2025-02-12,97.925,97.925,97.845,97.85,46233.0
202612,IZ6,460390619,2025-02-13,97.875,97.925,97.855,97.915,58183.0
202612,IZ6,460390619,2025-02-14,97.915,97.92,97.855,97.885,41182.0
202612,IZ6,460390619,2025-02-17,97.85,97.875,97.825,97.87,31918.0
202612,IZ6,460390619,2025-02-18,97.86,97.875,97.835,97.87,39860.0
202612,IZ6,460390619,2025-02-19,97.855,97.86,97.805,97.825,52771.0
202612,IZ6,460390619,2025-02-20,97.825,97.85,97.81,97.845,29802.0
202612,IZ6,460390619,2025-02-21,97.845,97.935,97.845,97.905,55383.0
202612,IZ6,460390619,2025-02-24,97.91,97.93,97.885,97.92,49136.0
202612,IZ6,460390619,2025-02-25,97.905,97.955,97.9,97.94,48687.0
202612,IZ6,460390619,2025-02-26,97.935,97.985,97.92,97.955,41383.0
202612,IZ6,460390619,2025-02-27,97.98,98.005,97.95,98.0,46073.0
202612,IZ6,460390619,2025-02-28,98.01,98.05,98.0,98.02,68484.0
202612,IZ6,460390619,2025-03-03,98.01,98.04,97.94,97.965,103663.0
202612,IZ6,460390619,2025-03-04,98.015,98.065,97.9,98.035,128650.0
202612,IZ6,460390619,2025-03-05,97.89,97.91,97.675,97.685,204296.0
202612,IZ6,460390619,2025-03-06,97.66,97.735,97.595,97.645,174629.0
202612,IZ6,460390619,2025-03-07,97.705,97.755,97.66,97.705,72386.0
202612,IZ6,460390619,2025-03-10,97.665,97.765,97.665,97.74,73718.0
202612,IZ6,460390619,2025-03-11,97.76,97.77,97.68,97.72,62456.0
202612,IZ6,460390619,2025-03-12,97.695,97.73,97.66,97.69,55866.0
202612,IZ6,460390619,2025-03-13,97.705,97.755,97.67,97.74,47705.0
202612,IZ6,460390619,2025-03-14,97.745,97.76,97.69,97.71,48552.0
202612,IZ6,460390619,2025-03-17,97.72,97.75,97.705,97.745,48747.0
202612,IZ6,460390619,2025-03-18,97.725,97.77,97.705,97.755,43693.0
202612,IZ6,460390619,2025-03-19,97.755,97.805,97.735,97.75,39026.0
202612,IZ6,460390619,2025-03-20,97.795,97.805,97.76,97.77,36562.0
202612,IZ6,460390619,2025-03-21,97.775,97.83,97.775,97.825,37197.0
202612,IZ6,460390619,2025-03-24,97.82,97.825,97.78,97.805,36283.0
202612,IZ6,460390619,2025-03-25,97.815,97.82,97.755,97.79,27334.0
202612,IZ6,460390619,2025-03-26,97.78,97.85,97.78,97.8,47544.0
202612,IZ6,460390619,2025-03-27,97.845,97.875,97.82,97.855,53269.0
202612,IZ6,460390619,2025-03-28,97.865,97.92,97.86,97.905,45518.0
202612,IZ6,460390619,2025-03-31,97.915,97.98,97.875,97.895,66077.0
202612,IZ6,460390619,2025-04-01,97.885,97.955,97.885,97.92,47719.0
202612,IZ6,460390619,2025-04-02,97.925,97.97,97.895,97.92,57015.0
202612,IZ6,460390619,2025-04-03,98.0,98.055,97.97,98.045,103227.0
202612,IZ6,460390619,2025-04-04,98.04,98.195,98.04,98.105,132788.0
202612,IZ6,460390619,2025-04-07,98.165,98.225,98.015,98.09,123208.0
202612,IZ6,460390619,2025-04-08,98.06,98.13,98.0,98.045,106541.0
202612,IZ6,460390619,2025-04-09,98.12,98.155,97.875,98.125,94902.0
202612,IZ6,460390619,2025-04-10,97.92,98.12,97.915,98.08,70382.0
202612,IZ6,460390619,2025-04-11,98.06,98.13,98.01,98.065,94796.0
202612,IZ6,460390619,2025-04-14,98.025,98.155,98.025,98.125,42227.0
202612,IZ6,460390619,2025-04-15,98.135,98.155,98.115,98.13,54487.0
202612,IZ6,460390619,2025-04-16,98.13,98.18,98.13,98.155,39255.0
202612,IZ6,460390619,2025-04-17,98.165,98.23,98.095,98.205,88384.0
202612,IZ6,460390619,2025-04-22,98.205,98.255,98.2,98.235,47642.0
202612,IZ6,460390619,2025-04-23,98.215,98.225,98.14,98.16,84848.0
202612,IZ6,460390619,2025-04-24,98.165,98.235,98.165,98.225,56301.0
202612,IZ6,460390619,2025-04-25,98.23,98.23,98.18,98.185,41250.0
202612,IZ6,460390619,2025-04-28,98.195,98.205,98.155,98.18,35711.0
202612,IZ6,460390619,2025-04-29,98.175,98.205,98.165,98.18,38847.0
202612,IZ6,460390619,2025-04-30,98.165,98.225,98.16,98.21,53750.0
202612,IZ6,460390619,2025-05-02,98.21,98.21,98.125,98.155,46073.0
202612,IZ6,460390619,2025-05-05,98.125,98.185,98.11,98.16,23066.0
202612,IZ6,460390619,2025-05-06,98.15,98.18,98.14,98.17,32844.0
202612,IZ6,460390619,2025-05-07,98.17,98.215,98.155,98.2,46892.0
202612,IZ6,460390619,2025-05-08,98.2,98.205,98.125,98.16,54904.0
202612,IZ6,460390619,2025-05-09,98.13,98.14,98.11,98.13,52659.0
202612,IZ6,460390619,2025-05-12,98.115,98.115,97.975,97.99,99605.0
202612,IZ6,460390619,2025-05-13,97.975,98.005,97.97,97.995,47621.0
202612,IZ6,460390619,2025-05-14,97.975,98.015,97.955,97.995,41995.0
202612,IZ6,460390619,2025-05-15,97.965,98.055,97.965,98.04,38766.0
202612,IZ6,460390619,2025-05-16,98.055,98.09,98.055,98.075,38474.0
202612,IZ6,460390619,2025-05-19,98.07,98.09,98.025,98.085,40676.0
202612,IZ6,460390619,2025-05-20,98.09,98.115,98.055,98.075,35668.0
202612,IZ6,460390619,2025-05-21,98.085,98.085,98.04,98.055,25594.0
202612,IZ6,460390619,2025-05-22,98.045,98.095,98.035,98.085,40658.0
202612,IZ6,460390619,2025-05-23,98.09,98.215,98.08,98.145,89557.0
202612,IZ6,460390619,2025-05-26,98.1,98.145,98.085,98.13,16793.0
202612,IZ6,460390619,2025-05-27,98.14,98.165,98.135,98.145,30775.0
202612,IZ6,460390619,2025-05-28,98.14,98.155,98.12,98.135,27961.0
202612,IZ6,460390619,2025-05-29,98.145,98.17,98.095,98.165,33231.0
202612,IZ6,460390619,2025-05-30,98.17,98.18,98.135,98.15,29470.0
202612,IZ6,460390619,2025-06-02,98.165,98.17,98.13,98.165,42377.0
202612,IZ6,460390619,2025-06-03,98.165,98.205,98.165,98.185,52195.0
202612,IZ6,460390619,2025-06-04,98.2,98.205,98.145,98.16,53125.0
202612,IZ6,460390619,2025-06-05,98.165,98.2,98.06,98.07,100274.0
202612,IZ6,460390619,2025-06-06,98.07,98.11,98.055,98.065,65598.0
202612,IZ6,460390619,2025-06-09,98.06,98.11,98.06,98.075,42101.0
202612,IZ6,460390619,2025-06-10,98.085,98.11,98.075,98.1,40399.0
202612,IZ6,460390619,2025-06-11,98.105,98.13,98.09,98.115,41017.0
202612,IZ6,460390619,2025-06-12,98.11,98.16,98.11,98.14,57430.0
202612,IZ6,460390619,2025-06-13,98.155,98.185,98.085,98.095,54222.0
202612,IZ6,460390619,2025-06-16,98.09,98.125,98.06,98.115,61156.0
202612,IZ6,460390619,2025-06-17,98.105,98.13,98.09,98.1,43549.0
202612,IZ6,460390619,2025-06-18,98.105,98.14,98.085,98.125,45040.0
202612,IZ6,460390619,2025-06-19,98.115,98.125,98.095,98.105,24308.0
202612,IZ6,460390619,2025-06-20,98.12,98.135,98.09,98.1,37051.0
202612,IZ6,460390619,2025-06-23,98.09,98.13,98.06,98.115,52953.0
202612,IZ6,460390619,2025-06-24,98.11,98.14,98.1,98.125,56044.0
202612,IZ6,460390619,2025-06-25,98.115,98.15,98.095,98.11,50867.0
202612,IZ6,460390619,2025-06-26,98.12,98.15,98.12,98.135,48794.0
202612,IZ6,460390619,2025-06-27,98.125,98.135,98.085,98.09,58409.0
202612,IZ6,460390619,2025-06-30,98.105,98.12,98.085,98.1,59510.0
202612,IZ6,460390619,2025-07-01,98.1,98.14,98.095,98.115,53677.0
202612,IZ6,460390619,2025-07-02,98.115,98.12,98.08,98.09,62485.0
202612,IZ6,460390619,2025-07-03,98.09,98.12,98.085,98.11,48877.0
202612,IZ6,460390619,2025-07-04,98.115,98.155,98.115,98.14,39797.0
202612,IZ6,460390619,2025-07-07,98.15,98.155,98.11,98.115,36182.0
202612,IZ6,460390619,2025-07-08,98.11,98.115,98.065,98.085,67158.0
202612,IZ6,460390619,2025-07-09,98.085,98.11,98.075,98.105,29650.0
202612,IZ6,460390619,2025-07-10,98.105,98.115,98.06,98.07,45772.0
202612,IZ6,460390619,2025-07-11,98.065,98.09,98.03,98.035,66117.0
202612,IZ6,460390619,2025-07-14,98.055,98.075,98.05,98.065,51766.0
202612,IZ6,460390619,2025-07-15,98.07,98.105,98.065,98.085,50380.0
202612,IZ6,460390619,2025-07-16,98.09,98.135,98.07,98.11,50385.0
202612,IZ6,460390619,2025-07-17,98.13,98.13,98.095,98.115,33768.0
202612,IZ6,460390619,2025-07-18,98.1,98.12,98.08,98.09,41223.0
202612,IZ6,460390619,2025-07-21,98.115,98.155,98.115,98.145,43500.0
202612,IZ6,460390619,2025-07-22,98.15,98.17,98.14,98.165,58189.0
202612,IZ6,460390619,2025-07-23,98.155,98.175,98.09,98.17,65950.0
202612,IZ6,460390619,2025-07-24,98.1,98.115,98.035,98.055,132223.0
202612,IZ6,460390619,2025-07-25,98.04,98.045,97.975,98.01,95217.0
202612,IZ6,460390619,2025-07-28,98.0,98.065,97.99,98.055,69006.0
202612,IZ6,460390619,2025-07-29,98.06,98.06,98.02,98.04,37931.0
202612,IZ6,460390619,2025-07-30,98.045,98.045,97.995,98.015,43630.0
202612,IZ6,460390619,2025-07-31,97.995,98.02,97.985,98.0,49453.0
202612,IZ6,460390619,2025-08-01,97.99,98.08,97.975,98.045,92210.0
202612,IZ6,460390619,2025-08-04,98.06,98.08,98.025,98.07,39571.0
202612,IZ6,460390619,2025-08-05,98.08,98.085,98.055,98.07,49931.0
202612,IZ6,460390619,2025-08-06,98.08,98.08,98.05,98.07,25103.0
202612,IZ6,460390619,2025-08-07,98.065,98.08,98.045,98.055,33311.0
202612,IZ6,460390619,2025-08-08,98.065,98.065,98.015,98.02,37787.0
202612,IZ6,460390619,2025-08-11,98.02,98.04,98.01,98.015,22559.0
202612,IZ6,460390619,2025-08-12,98.02,98.035,98.0,98.015,39391.0
202612,IZ6,460390619,2025-08-13,98.015,98.07,98.015,98.07,42965.0
202612,IZ6,460390619,2025-08-14,98.065,98.08,98.04,98.045,33090.0
202612,IZ6,460390619,2025-08-15,98.055,98.055,98.005,98.02,45131.0
202612,IZ6,460390619,2025-08-18,98.015,98.04,98.01,98.025,36139.0
202612,IZ6,460390619,2025-08-19,98.035,98.045,98.02,98.04,30446.0
202612,IZ6,460390619,2025-08-20,98.045,98.075,98.03,98.07,33439.0
202612,IZ6,460390619,2025-08-21,98.065,98.075,98.005,98.015,77260.0
202612,IZ6,460390619,2025-08-22,98.02,98.055,98.0,98.045,53742.0
202612,IZ6,460390619,2025-08-25,98.045,98.05,98.0,98.015,38965.0
202612,IZ6,460390619,2025-08-26,98.03,98.06,98.025,98.05,44796.0
202612,IZ6,460390619,2025-08-27,98.06,98.105,98.05,98.095,57543.0
202612,IZ6,460390619,2025-08-28,98.095,98.105,98.065,98.07,48847.0
202612,IZ6,460390619,2025-08-29,98.08,98.09,98.065,98.075,39491.0
202612,IZ6,460390619,2025-09-01,98.085,98.085,98.05,98.06,26187.0
202612,IZ6,460390619,2025-09-02,98.06,98.07,98.02,98.03,62774.0
202612,IZ6,460390619,2025-09-03,98.03,98.06,98.025,98.05,35144.0
202612,IZ6,460390619,2025-09-04,98.055,98.075,98.045,98.05,46415.0
202612,IZ6,460390619,2025-09-05,98.05,98.1,98.045,98.09,73646.0
202612,IZ6,460390619,2025-09-08,98.075,98.1,98.065,98.095,39195.0
202612,IZ6,460390619,2025-09-09,98.085,98.085,98.065,98.07,36333.0
202612,IZ6,460390619,2025-09-10,98.07,98.08,98.05,98.055,36909.0
202612,IZ6,460390619,2025-09-11,98.06,98.07,98.01,98.015,102545.0
202612,IZ6,460390619,2025-09-12,98.005,98.005,97.965,97.98,79127.0
202612,IZ6,460390619,2025-09-15,97.985,98.0,97.98,97.985,29965.0
202612,IZ6,460390619,2025-09-16,97.98,98.0,97.975,97.99,46889.0
202612,IZ6,460390619,2025-09-17,97.995,98.015,97.985,97.99,53559.0
202612,IZ6,460390619,2025-09-18,97.995,98.02,97.99,97.995,54150.0
202612,IZ6,460390619,2025-09-19,97.995,97.995,97.97,97.98,40578.0
202612,IZ6,460390619,2025-09-22,97.975,98.0,97.97,97.99,31747.0
202612,IZ6,460390619,2025-09-23,97.99,98.005,97.975,97.975,43735.0
202612,IZ6,460390619,2025-09-24,97.985,97.99,97.975,97.98,37201.0
202612,IZ6,460390619,2025-09-25,97.98,97.985,97.945,97.95,76151.0
202612,IZ6,460390619,2025-09-26,97.95,97.97,97.94,97.96,49885.0
202612,IZ6,460390619,2025-09-29,97.965,97.98,97.96,97.975,41781.0
202612,IZ6,460390619,2025-09-30,97.97,97.985,97.96,97.975,44550.0
202612,IZ6,460390619,2025-10-01,97.975,98.0,97.955,97.99,77544.0
202612,IZ6,460390619,2025-10-02,97.985,98.0,97.975,97.98,28041.0
202612,IZ6,460390619,2025-10-03,97.995,97.995,97.975,97.98,29390.0
202612,IZ6,460390619,2025-10-06,97.975,98.005,97.97,97.99,54569.0
202612,IZ6,460390619,2025-10-07,97.995,97.995,97.98,97.99,27566.0
202612,IZ6,460390619,2025-10-08,97.99,98.03,97.99,98.02,101853.0
202612,IZ6,460390619,2025-10-09,98.02,98.02,98.0,98.01,72784.0
202612,IZ6,460390619,2025-10-10,98.005,98.06,98.005,98.045,99335.0
202612,IZ6,460390619,2025-10-13,98.045,98.08,98.035,98.07,74433.0
202612,IZ6,460390619,2025-10-14,98.07,98.115,98.07,98.08,108636.0
202612,IZ6,460390619,2025-10-15,98.09,98.11,98.08,98.105,108319.0
202612,IZ6,460390619,2025-10-16,98.095,98.15,98.09,98.105,109907.0
202612,IZ6,460390619,2025-10-17,98.14,98.16,98.095,98.115,104093.0
202612,IZ6,460390619,2025-10-20,98.105,98.115,98.09,98.105,50557.0
202612,IZ6,460390619,2025-10-21,98.105,98.12,98.1,98.115,49403.0
202612,IZ6,460390619,2025-10-22,98.115,98.135,98.095,98.105,58188.0
202612,IZ6,460390619,2025-10-23,98.11,98.11,98.08,98.09,52062.0
202612,IZ6,460390619,2025-10-24,98.085,98.1,98.035,98.045,97135.0
202612,IZ6,460390619,2025-10-27,98.035,98.045,98.03,98.04,44694.0
202612,IZ6,460390619,2025-10-28,98.05,98.055,98.03,98.04,58765.0
202612,IZ6,460390619,2025-10-29,98.04,98.05,98.015,98.045,41456.0
202612,IZ6,460390619,2025-10-30,98.015,98.03,98.005,98.02,105715.0
202612,IZ6,460390619,2025-10-31,98.03,98.045,98.015,98.04,56777.0
202612,IZ6,460390619,2025-11-03,98.045,98.045,98.0,98.01,55268.0
202612,IZ6,460390619,2025-11-04,98.01,98.03,98.01,98.02,70751.0
202612,IZ6,460390619,2025-11-05,98.025,98.035,98.005,98.01,50175.0
202612,IZ6,460390619,2025-11-06,98.015,98.025,98.01,98.015,50659.0
202612,IZ6,460390619,2025-11-07,98.01,98.03,98.005,98.025,52779.0
202612,IZ6,460390619,2025-11-10,98.015,98.02,98.005,98.01,36345.0
202612,IZ6,460390619,2025-11-11,98.005,98.02,98.0,98.015,46113.0
202612,IZ6,460390619,2025-11-12,98.01,98.015,97.995,98.01,69020.0
202612,IZ6,460390619,2025-11-13,98.005,98.005,97.975,97.98,96421.0
202612,IZ6,460390619,2025-11-14,97.975,97.99,97.96,97.965,87836.0
202612,IZ6,460390619,2025-11-17,97.96,97.975,97.95,97.95,54368.0
202612,IZ6,460390619,2025-11-18,97.96,97.99,97.955,97.98,86223.0
202612,IZ6,460390619,2025-11-19,97.98,98.0,97.975,97.985,76038.0
202612,IZ6,460390619,2025-11-20,97.975,97.995,97.97,97.99,83538.0
202612,IZ6,460390619,2025-11-21,97.99,98.03,97.99,98.015,103131.0
202612,IZ6,460390619,2025-11-24,98.0,98.015,97.985,98.005,65463.0
202612,IZ6,460390619,2025-11-25,98.005,98.015,97.995,98.005,47016.0
202612,IZ6,460390619,2025-11-26,98.005,98.02,97.995,98.0,56095.0
202612,IZ6,460390619,2025-11-27,98.005,98.005,97.99,97.995,28898.0
202612,IZ6,460390619,2025-11-28,97.99,97.995,97.975,97.985,45459.0
202612,IZ6,460390619,2025-12-01,97.99,97.99,97.955,97.96,92855.0
202612,IZ6,460390619,2025-12-02,97.96,97.98,97.95,97.975,76626.0
202612,IZ6,460390619,2025-12-03,97.975,97.985,97.97,97.975,55620.0
202612,IZ6,460390619,2025-12-04,97.97,97.97,97.955,97.96,58165.0
202612,IZ6,460390619,2025-12-05,97.965,97.965,97.92,97.93,106227.0
202612,IZ6,460390619,2025-12-08,97.925,97.925,97.83,97.835,261971.0
202612,IZ6,460390619,2025-12-09,97.85,97.87,97.815,97.855,135210.0
202612,IZ6,460390619,2025-12-10,97.845,97.86,97.79,97.825,207660.0
202612,IZ6,460390619,2025-12-11,97.855,97.865,97.835,97.84,86750.0
202612,IZ6,460390619,2025-12-12,97.84,97.86,97.83,97.855,66712.0
202612,IZ6,460390619,2025-12-15,97.86,97.87,97.85,97.86,53851.0
202612,IZ6,460390619,2025-12-16,97.86,97.88,97.855,97.87,91237.0
202612,IZ6,460390619,2025-12-17,97.875,97.895,97.87,97.87,48339.0
202612,IZ6,460390619,2025-12-18,97.875,97.895,97.835,97.87,186602.0
202612,IZ6,460390619,2025-12-19,97.865,97.875,97.845,97.855,78592.0
202612,IZ6,460390619,2025-12-22,97.85,97.865,97.835,97.85,84735.0
202612,IZ6,460390619,2025-12-23,97.86,97.87,97.855,97.865,51162.0
202612,IZ6,460390619,2025-12-24,97.86,97.87,97.855,97.865,7111.0
202612,IZ6,460390619,2025-12-29,97.87,97.9,97.855,97.895,50007.0
202612,IZ6,460390619,2025-12-30,97.895,97.9,97.885,97.895,29781.0
202612,IZ6,460390619,2025-12-31,97.895,97.9,97.885,97.895,24673.0
202612,IZ6,460390619,2026-01-02,97.89,97.9,97.87,97.885,71019.0
202612,IZ6,460390619,2026-01-05,97.88,97.89,97.875,97.89,47114.0
202612,IZ6,460390619,2026-01-06,97.885,97.935,97.875,97.925,159752.0
202612,IZ6,460390619,2026-01-07,97.93,97.955,97.93,97.95,143754.0
202612,IZ6,460390619,2026-01-08,97.945,97.955,97.925,97.935,77904.0
202612,IZ6,460390619,2026-01-09,97.94,97.945,97.91,97.93,74189.0
202612,IZ6,460390619,2026-01-12,97.92,97.935,97.915,97.935,51605.0
202612,IZ6,460390619,2026-01-13,97.935,97.94,97.915,97.94,62554.0
202612,IZ6,460390619,2026-01-14,97.935,97.955,97.93,97.95,71159.0
202612,IZ6,460390619,2026-01-15,97.945,97.945,97.915,97.925,65733.0
202612,IZ6,460390619,2026-01-16,97.925,97.925,97.905,97.91,57763.0
202612,IZ6,460390619,2026-01-19,97.925,97.955,97.915,97.945,110167.0
202612,IZ6,460390619,2026-01-20,97.94,97.98,97.935,97.96,127451.0
202612,IZ6,460390619,2026-01-21,97.975,97.985,97.905,97.945,195489.0
202612,IZ6,460390619,2026-01-22,97.92,97.945,97.915,97.925,95955.0
202612,IZ6,460390619,2026-01-23,97.92,97.925,97.895,97.905,86583.0
202612,IZ6,460390619,2026-01-26,97.91,97.93,97.91,97.925,77033.0
202612,IZ6,460390619,2026-01-27,97.92,97.95,97.915,97.94,82583.0
202612,IZ6,460390619,2026-01-28,97.945,97.985,97.945,97.97,265979.0
202612,IZ6,460390619,2026-01-29,97.97,98.0,97.965,97.99,97583.0
202612,IZ6,460390619,2026-01-30,97.985,97.99,97.965,97.975,104697.0
202612,IZ6,460390619,2026-02-02,97.975,97.98,97.94,97.95,91880.0
202612,IZ6,460390619,2026-02-03,97.945,97.95,97.93,97.94,77371.0
202612,IZ6,460390619,2026-02-04,97.945,97.975,97.94,97.965,76191.0
202612,IZ6,460390619,2026-02-05,97.965,97.985,97.955,97.975,162116.0
202612,IZ6,460390619,2026-02-06,97.975,97.995,97.97,97.975,67827.0
202612,IZ6,460390619,2026-02-09,97.975,97.995,97.965,97.995,73020.0
202612,IZ6,460390619,2026-02-10,97.99,98.0,97.98,98.0,89563.0
202612,IZ6,460390619,2026-02-11,97.995,98.005,97.975,97.995,99403.0
202612,IZ6,460390619,2026-02-12,97.985,98.01,97.985,98.0,61686.0
202612,IZ6,460390619,2026-02-13,98.01,98.035,98.005,98.025,125496.0
202612,IZ6,460390619,2026-02-16,98.015,98.03,98.01,98.02,55696.0
202612,IZ6,460390619,2026-02-17,98.02,98.045,98.015,98.025,100154.0
202612,IZ6,460390619,2026-02-18,98.02,98.025,98.005,98.01,68805.0
202612,IZ6,460390619,2026-02-19,98.01,98.015,97.995,98.005,52092.0
202612,IZ6,460390619,2026-02-20,98.01,98.015,97.985,97.995,68867.0
202612,IZ6,460390619,2026-02-23,98.005,98.015,97.99,98.01,95076.0
202612,IZ6,460390619,2026-02-24,98.005,98.01,97.985,97.99,70609.0
202612,IZ6,460390619,2026-02-25,97.99,98.0,97.98,97.99,39937.0
202612,IZ6,460390619,2026-02-26,97.995,98.005,97.99,97.995,46308.0
202612,IZ6,460390619,2026-02-27,98.0,98.035,97.99,98.025,142394.0
202612,IZ6,460390619,2026-03-02,98.03,98.03,97.92,97.935,310697.0
202612,IZ6,460390619,2026-03-03,97.92,97.92,97.735,97.815,620700.0
202612,IZ6,460390619,2026-03-04,97.86,97.89,97.78,97.885,317513.0
202612,IZ6,460390619,2026-03-05,97.865,97.865,97.715,97.75,486757.0
202612,IZ6,460390619,2026-03-06,97.77,97.785,97.545,97.645,599444.0
202612,IZ6,460390619,2026-03-09,97.52,97.715,97.31,97.57,666884.0
202612,IZ6,460390619,2026-03-10,97.71,97.765,97.59,97.71,420530.0
202612,IZ6,460390619,2026-03-11,97.63,97.675,97.475,97.505,416901.0
202612,IZ6,460390619,2026-03-12,97.45,97.54,97.4,97.47,344321.0
202612,IZ6,460390619,2026-03-13,97.425,97.535,97.385,97.455,256156.0
202612,IZ6,460390619,2026-03-16,97.44,97.525,97.42,97.485,215916.0
202612,IZ6,460390619,2026-03-17,97.515,97.555,97.475,97.525,201732.0
202612,IZ6,460390619,2026-03-18,97.515,97.565,97.34,97.425,313032.0
202612,IZ6,460390619,2026-03-19,97.335,97.38,97.145,97.245,628342.0
202612,IZ6,460390619,2026-03-20,97.28,97.3,97.05,97.125,359315.0
202612,IZ6,460390619,2026-03-23,97.035,97.36,96.95,97.225,509719.0
202612,IZ6,460390619,2026-03-24,97.205,97.25,97.06,97.13,286115.0
202612,IZ6,460390619,2026-03-25,97.225,97.265,97.165,97.21,205756.0
202612,IZ6,460390619,2026-03-26,97.165,97.17,97.04,97.1,249074.0
202612,IZ6,460390619,2026-03-27,97.06,97.14,97.0,97.09,180838.0
202612,IZ6,460390619,2026-03-30,97.12,97.19,97.095,97.175,114442.0
202612,IZ6,460390619,2026-03-31,97.165,97.28,97.14,97.18,209847.0
202612,IZ6,460390619,2026-04-01,97.25,97.33,97.22,97.245,190572.0
202612,IZ6,460390619,2026-04-02,97.25,97.255,97.135,97.205,141834.0
202612,IZ6,460390619,2026-04-07,97.185,97.225,97.065,97.07,195445.0
202612,IZ6,460390619,2026-04-08,97.325,97.44,97.32,97.395,314432.0
202612,IZ6,460390619,2026-04-09,97.37,97.37,97.295,97.31,216270.0
202612,IZ6,460390619,2026-04-10,97.34,97.345,97.25,97.295,143531.0
202612,IZ6,460390619,2026-04-13,97.215,97.275,97.2,97.22,163493.0
202612,IZ6,460390619,2026-04-14,97.265,97.37,97.265,97.335,143773.0
202612,IZ6,460390619,2026-04-15,97.365,97.39,97.335,97.35,125118.0
202612,IZ6,460390619,2026-04-16,97.38,97.425,97.33,97.375,142722.0
202612,IZ6,460390619,2026-04-17,97.335,97.55,97.335,97.5,248495.0
202612,IZ6,460390619,2026-04-20,97.445,97.48,97.425,97.455,114602.0
202612,IZ6,460390619,2026-04-21,97.455,97.47,97.295,97.385,159230.0
202612,IZ6,460390619,2026-04-22,97.32,97.4,97.305,97.34,155242.0
202612,IZ6,460390619,2026-04-23,97.335,97.345,97.215,97.325,194323.0
202612,IZ6,460390619,2026-04-24,97.255,97.355,97.245,97.315,159942.0
202612,IZ6,460390619,2026-04-27,97.31,97.355,97.28,97.305,73166.0
202612,IZ6,460390619,2026-04-28,97.305,97.305,97.17,97.215,202361.0
202612,IZ6,460390619,2026-04-29,97.185,97.21,97.055,97.115,224644.0
202612,IZ6,460390619,2026-04-30,97.08,97.21,97.06,97.175,259396.0
202612,IZ6,460390619,2026-05-04,97.18,97.2,97.06,97.12,113295.0
202612,IZ6,460390619,2026-05-05,97.085,97.165,97.085,97.135,97993.0
202612,IZ6,460390619,2026-05-06,97.16,97.39,97.15,97.31,281177.0
202612,IZ6,460390619,2026-05-07,97.3,97.375,97.225,97.31,212981.0
202612,IZ6,460390619,2026-05-08,97.245,97.3,97.245,97.28,111912.0
202612,IZ6,460390619,2026-05-11,97.265,97.28,97.19,97.21,104064.0
202612,IZ6,460390619,2026-05-12,97.195,97.2,97.135,97.16,153561.0
202612,IZ6,460390619,2026-05-13,97.135,97.195,97.135,97.16,120674.0
202612,IZ6,460390619,2026-05-14,97.18,97.24,97.175,97.22,121461.0
202612,IZ6,460390619,2026-05-15,97.185,97.2,97.145,97.16,149571.0
202612,IZ6,460390619,2026-05-18,97.14,97.225,97.13,97.18,184082.0
202612,IZ6,460390619,2026-05-19,97.205,97.22,97.155,97.165,129928.0
202612,IZ6,460390619,2026-05-20,97.18,97.315,97.175,97.255,222803.0
202612,IZ6,460390619,2026-05-21,97.265,97.31,97.205,97.225,217449.0
202612,IZ6,460390619,2026-05-22,97.285,97.305,97.25,97.265,166078.0
202612,IZ6,460390619,2026-05-25,97.33,97.405,97.315,97.385,113428.0
202612,IZ6,460390619,2026-05-26,97.385,97.395,97.3,97.31,174011.0
202612,IZ6,460390619,2026-05-27,97.33,97.36,97.305,97.33,130222.0
202612,IZ6,460390619,2026-05-28,97.315,97.395,97.28,97.36,157435.0
202612,IZ6,460390619,2026-05-29,97.365,97.4,97.345,97.385,154165.0
202612,IZ6,460390619,2026-06-01,97.365,97.365,97.245,97.26,257927.0
202612,IZ6,460390619,2026-06-02,97.32,97.335,97.26,97.28,118184.0
202612,IZ6,460390619,2026-06-03,97.26,97.28,97.225,97.245,140094.0
202612,IZ6,460390619,2026-06-04,97.245,97.285,97.235,97.27,100813.0
202612,IZ6,460390619,2026-06-05,97.275,97.295,97.22,97.24,148052.0
202612,IZ6,460390619,2026-06-08,97.22,97.255,97.185,97.225,179807.0
202612,IZ6,460390619,2026-06-09,97.215,97.27,97.205,97.25,164325.0
202612,IZ6,460390619,2026-06-10,97.24,97.255,97.195,97.22,156588.0
202612,IZ6,460390619,2026-06-11,97.195,97.345,97.19,97.265,350458.0
202612,IZ6,460390619,2026-06-12,97.33,97.345,97.295,97.315,214864.0
202612,IZ6,460390619,2026-06-15,97.39,97.39,97.345,97.36,148710.0
202612,IZ6,460390619,2026-06-16,97.35,97.38,97.345,97.35,127096.0
202612,IZ6,460390619,2026-06-17,97.36,97.385,97.285,97.345,127907.0
202612,IZ6,460390619,2026-06-18,97.28,97.345,97.28,97.34,120531.0
202612,IZ6,460390619,2026-06-19,97.31,97.325,97.29,97.295,92576.0
202612,IZ6,460390619,2026-06-22,97.29,97.365,97.285,97.35,129110.0
202612,IZ6,460390619,2026-06-23,97.345,97.38,97.345,97.365,106372.0
202612,IZ6,460390619,2026-06-24,97.36,97.405,97.355,97.395,134438.0
202612,IZ6,460390619,2026-06-25,97.38,97.42,97.38,97.405,137897.0
202612,IZ6,460390619,2026-06-26,97.395,97.445,97.395,97.435,138019.0
202612,IZ6,460390619,2026-06-29,97.425,97.43,97.4,97.41,110064.0
202612,IZ6,460390619,2026-06-30,97.41,97.45,97.405,97.42,140911.0
202612,IZ6,460390619,2026-07-01,97.425,97.465,97.41,97.455,169945.0
202612,IZ6,460390619,2026-07-02,97.445,97.495,97.445,97.49,156977.0
202612,IZ6,460390619,2026-07-03,97.48,97.49,97.455,97.46,77585.0
202612,IZ6,460390619,2026-07-06,97.46,97.475,97.445,97.455,65938.0
202612,IZ6,460390619,2026-07-07,97.45,97.45,97.35,97.41,118488.0
202612,IZ6,460390619,2026-07-08,97.365,97.37,97.26,97.285,367615.0
202612,IZ6,460390619,2026-07-09,97.285,97.34,97.285,97.325,129531.0
202612,IZ6,460390619,2026-07-10,97.335,97.355,97.31,97.33,98976.0
202612,IZ6,460390619,2026-07-13,97.31,97.31,97.21,97.26,169814.0
202612,IZ6,460390619,2026-07-14,97.215,97.265,97.165,97.255,302383.0
202612,IZ6,460390619,2026-07-15,97.235,97.265,97.225,97.26,154390.0
202612,IZ6,460390619,2026-07-16,97.245,97.25,97.21,97.23,101264.0
202612,IZ6,460390619,2026-07-17,97.23,97.245,97.185,97.215,125663.0
202612,IZ6,460390619,2026-07-20,97.185,97.23,97.155,97.21,160393.0
202612,IZ6,460390619,2026-07-21,97.205,97.23,97.195,97.21,107192.0
202612,IZ6,460390619,2026-07-22,97.2,97.21,97.165,97.175,140090.0
202612,IZ6,460390619,2026-07-23,97.17,97.175,97.14,97.155,246813.0
202612,IZ6,460390619,2026-07-24,97.155,97.205,97.15,97.19,120740.0
202612,IZ6,460390619,2026-07-27,97.22,97.245,97.215,97.225,125066.0
202612,IZ6,460390619,2026-07-28,97.225,97.265,97.225,97.245,106256.0
202612,IZ6,460390619,2026-07-29,97.24,97.25,97.185,97.2,139256.0
202612,IZ6,460390619,2026-07-30,97.21,97.255,97.205,97.235,103371.0
202612,IZ6,460390619,2026-07-31,97.24,97.255,97.2,97.215,90875.0
202612,IZ6,460390619,2026-08-03,97.24,97.26,97.235,97.245,83400.0
202612,IZ6,460390619,2026-08-04,97.24,97.305,97.23,97.275,116112.0
202612,IZ6,460390619,2026-08-05,97.3,97.31,97.28,97.29,105346.0
202612,IZ6,460390619,2026-08-06,97.3,97.3,97.26,97.285,112601.0
202612,IZ6,460390619,2026-08-07,97.265,97.305,97.26,97.285,83457.0
202612,IZ6,460390619,2026-08-10,97.295,97.295,97.245,97.255,67336.0
202612,IZ6,460390619,2026-08-11,97.25,97.265,97.23,97.26,74160.0
202612,IZ6,460390619,2026-08-12,97.25,97.27,97.235,97.245,83156.0
202612,IZ6,460390619,2026-08-13,97.235,97.27,97.235,97.26,60300.0
202612,IZ6,460390619,2026-08-14,97.26,97.26,97.23,97.24,61315.0
202612,IZ6,460390619,2026-08-17,97.235,97.25,97.225,97.24,83067.0
202612,IZ6,460390619,2026-08-18,97.225,97.225,97.2,97.21,83053.0
202612,IZ6,460390619,2026-08-19,97.205,97.22,97.195,97.2,76324.0
202612,IZ6,460390619,2026-08-20,97.205,97.22,97.19,97.215,89052.0
202612,IZ6,460390619,2026-08-21,97.215,97.24,97.205,97.22,77580.0
202612,IZ6,460390619,2026-08-24,97.215,97.225,97.185,97.19,93675.0
202612,IZ6,460390619,2026-08-25,97.195,97.265,97.185,97.22,115232.0
202612,IZ6,460390619,2026-08-26,97.265,97.265,97.2,97.215,92865.0
202612,IZ6,460390619,2026-08-27,97.215,97.225,97.195,97.21,74504.0
202612,IZ6,460390619,2026-08-28,97.2,97.215,97.185,97.19,138230.0
202612,IZ6,460390619,2026-08-31,97.195,97.205,97.175,97.185,77924.0
202612,IZ6,460390619,2026-09-01,97.18,97.18,97.125,97.165,163602.0
202612,IZ6,460390619,2026-09-02,97.125,97.15,97.115,97.135,158577.0
202612,IZ6,460390619,2026-09-03,97.135,97.175,97.135,97.155,113267.0
202612,IZ6,460390619,2026-09-04,97.15,97.18,97.14,97.17,88290.0
202612,IZ6,460390619,2026-09-07,97.165,97.165,97.135,97.145,56501.0
202612,IZ6,460390619,2026-09-08,97.145,97.16,97.135,97.155,92199.0
202612,IZ6,460390619,2026-09-09,97.145,97.15,97.11,97.125,168079.0
202612,IZ6,460390619,2026-09-10,97.12,97.14,96.925,96.99,555923.0
202612,IZ6,460390619,2026-09-11,96.935,96.995,96.925,96.975,338038.0
202612,IZ6,460390619,2026-09-14,96.97,96.98,96.895,96.925,292043.0
202612,IZ6,460390619,2026-09-15,96.95,96.995,96.92,96.98,330811.0
202612,IZ6,460390619,2026-09-16,96.96,97.005,96.955,97.0,217952.0
202612,IZ6,460390619,2026-09-17,96.96,97.005,96.96,96.985,112174.0
202612,IZ6,460390619,2026-09-18,96.97,96.995,96.945,96.95,187144.0
202612,IZ6,460390619,2026-09-21,96.965,97.015,96.96,97.005,194894.0
202612,IZ6,460390619,2026-09-22,96.995,97.025,96.98,97.01,172717.0
202612,IZ6,460390619,2026-09-23,97.01,97.025,96.93,96.97,203420.0
202612,IZ6,460390619,2026-09-24,96.945,96.995,96.94,96.96,216491.0
202612,IZ6,460390619,2026-09-25,96.97,96.995,96.97,96.995,9411.0
202703,IH7,476937869,2024-09-26,97.955,98.0,97.94,97.955,23979.0
202703,IH7,476937869,2024-09-27,97.95,98.005,97.935,97.975,26460.0
202703,IH7,476937869,2024-09-30,97.985,98.01,97.935,97.99,30046.0
202703,IH7,476937869,2024-10-01,97.985,98.1,97.985,98.06,26254.0
202703,IH7,476937869,2024-10-02,98.06,98.08,98.005,98.02,21911.0
202703,IH7,476937869,2024-10-03,98.015,98.025,97.95,97.975,16865.0
202703,IH7,476937869,2024-10-04,97.955,97.96,97.845,97.86,30636.0
202703,IH7,476937869,2024-10-07,97.84,97.85,97.78,97.795,30417.0
202703,IH7,476937869,2024-10-08,97.81,97.835,97.795,97.815,32487.0
202703,IH7,476937869,2024-10-09,97.83,97.855,97.78,97.805,14687.0
202703,IH7,476937869,2024-10-10,97.78,97.835,97.735,97.805,22681.0
202703,IH7,476937869,2024-10-11,97.83,97.855,97.785,97.82,19961.0
202703,IH7,476937869,2024-10-14,97.84,97.855,97.825,97.83,11973.0
202703,IH7,476937869,2024-10-15,97.85,97.91,97.85,97.905,16532.0
202703,IH7,476937869,2024-10-16,97.89,97.95,97.89,97.945,16634.0
202703,IH7,476937869,2024-10-17,97.935,97.98,97.915,97.945,29352.0
202703,IH7,476937869,2024-10-18,97.965,97.99,97.935,97.985,18194.0
202703,IH7,476937869,2024-10-21,97.985,97.99,97.885,97.895,23202.0
202703,IH7,476937869,2024-10-22,97.88,97.91,97.845,97.87,26112.0
202703,IH7,476937869,2024-10-23,97.88,97.895,97.865,97.87,25305.0
202703,IH7,476937869,2024-10-24,97.865,97.935,97.86,97.93,19644.0
202703,IH7,476937869,2024-10-25,97.895,97.925,97.865,97.89,14348.0
202703,IH7,476937869,2024-10-28,97.845,97.945,97.83,97.91,25798.0
202703,IH7,476937869,2024-10-29,97.92,97.93,97.86,97.875,19562.0
202703,IH7,476937869,2024-10-30,97.905,97.91,97.74,97.79,35091.0
202703,IH7,476937869,2024-10-31,97.745,97.785,97.69,97.76,42170.0
202703,IH7,476937869,2024-11-01,97.77,97.835,97.745,97.78,23882.0
202703,IH7,476937869,2024-11-04,97.785,97.805,97.745,97.775,28749.0
202703,IH7,476937869,2024-11-05,97.755,97.765,97.695,97.72,25297.0
202703,IH7,476937869,2024-11-06,97.705,97.855,97.65,97.815,39917.0
202703,IH7,476937869,2024-11-07,97.83,97.86,97.765,97.825,34879.0
202703,IH7,476937869,2024-11-08,97.82,97.885,97.815,97.85,23556.0
202703,IH7,476937869,2024-11-11,97.86,97.93,97.855,97.925,20404.0
202703,IH7,476937869,2024-11-12,97.915,97.945,97.855,97.91,23091.0
202703,IH7,476937869,2024-11-13,97.865,97.89,97.825,97.87,33900.0
202703,IH7,476937869,2024-11-14,97.84,97.94,97.82,97.925,25720.0
202703,IH7,476937869,2024-11-15,97.915,97.945,97.875,97.92,19748.0
202703,IH7,476937869,2024-11-18,97.93,97.935,97.85,97.89,23259.0
202703,IH7,476937869,2024-11-19,97.895,97.965,97.875,97.895,24863.0
202703,IH7,476937869,2024-11-20,97.885,97.885,97.845,97.865,18882.0
202703,IH7,476937869,2024-11-21,97.855,97.91,97.845,97.89,23307.0
202703,IH7,476937869,2024-11-22,97.88,97.995,97.865,97.95,42056.0
202703,IH7,476937869,2024-11-25,97.95,98.0,97.935,97.98,21158.0
202703,IH7,476937869,2024-11-26,97.98,97.995,97.945,97.96,25233.0
202703,IH7,476937869,2024-11-27,97.975,98.0,97.955,97.97,31339.0
202703,IH7,476937869,2024-11-28,97.97,98.045,97.97,98.03,19698.0
202703,IH7,476937869,2024-11-29,98.04,98.115,98.03,98.09,28920.0
202703,IH7,476937869,2024-12-02,98.095,98.165,98.085,98.155,34121.0
202703,IH7,476937869,2024-12-03,98.155,98.165,98.12,98.145,27792.0
202703,IH7,476937869,2024-12-04,98.135,98.16,98.095,98.125,37762.0
202703,IH7,476937869,2024-12-05,98.15,98.155,98.055,98.06,29788.0
202703,IH7,476937869,2024-12-06,98.08,98.115,98.04,98.085,17331.0
202703,IH7,476937869,2024-12-09,98.115,98.14,98.09,98.105,17388.0
202703,IH7,476937869,2024-12-10,98.1,98.135,98.085,98.11,20429.0
202703,IH7,476937869,2024-12-11,98.11,98.165,98.1,98.125,22138.0
202703,IH7,476937869,2024-12-12,98.11,98.15,98.015,98.07,35623.0
202703,IH7,476937869,2024-12-13,98.03,98.05,97.96,97.995,25753.0
202703,IH7,476937869,2024-12-16,97.97,98.025,97.965,98.01,27482.0
202703,IH7,476937869,2024-12-17,98.01,98.02,97.97,97.99,29925.0
202703,IH7,476937869,2024-12-18,97.975,98.0,97.905,97.98,27959.0
202703,IH7,476937869,2024-12-19,97.91,97.95,97.885,97.91,31644.0
202703,IH7,476937869,2024-12-20,97.925,97.975,97.91,97.945,25912.0
202703,IH7,476937869,2024-12-23,97.93,97.935,97.89,97.895,20159.0
202703,IH7,476937869,2024-12-24,97.9,97.905,97.88,97.885,5061.0
202703,IH7,476937869,2024-12-27,97.895,97.91,97.825,97.85,21679.0
202703,IH7,476937869,2024-12-30,97.83,97.9,97.83,97.895,12992.0
202703,IH7,476937869,2024-12-31,97.895,97.915,97.89,97.895,3485.0
202703,IH7,476937869,2025-01-02,97.88,97.96,97.87,97.9,29648.0
202703,IH7,476937869,2025-01-03,97.895,97.91,97.81,97.825,38265.0
202703,IH7,476937869,2025-01-06,97.805,97.815,97.755,97.765,41645.0
202703,IH7,476937869,2025-01-07,97.78,97.8,97.765,97.775,38246.0
202703,IH7,476937869,2025-01-08,97.785,97.8,97.725,97.77,42455.0
202703,IH7,476937869,2025-01-09,97.76,97.77,97.715,97.73,28986.0
202703,IH7,476937869,2025-01-10,97.72,97.72,97.645,97.67,42377.0
202703,IH7,476937869,2025-01-13,97.645,97.65,97.6,97.64,42453.0
202703,IH7,476937869,2025-01-14,97.64,97.67,97.585,97.605,32558.0
202703,IH7,476937869,2025-01-15,97.605,97.74,97.6,97.725,45554.0
202703,IH7,476937869,2025-01-16,97.72,97.76,97.69,97.745,36327.0
202703,IH7,476937869,2025-01-17,97.745,97.785,97.74,97.765,27288.0
202703,IH7,476937869,2025-01-20,97.765,97.775,97.73,97.77,21942.0
202703,IH7,476937869,2025-01-21,97.765,97.79,97.73,97.77,27657.0
202703,IH7,476937869,2025-01-22,97.755,97.79,97.735,97.755,21022.0
202703,IH7,476937869,2025-01-23,97.745,97.755,97.705,97.72,22845.0
202703,IH7,476937869,2025-01-24,97.735,97.74,97.655,97.685,39875.0
202703,IH7,476937869,2025-01-27,97.695,97.755,97.69,97.705,28230.0
202703,IH7,476937869,2025-01-28,97.705,97.71,97.68,97.69,24087.0
202703,IH7,476937869,2025-01-29,97.705,97.725,97.65,97.68,25496.0
202703,IH7,476937869,2025-01-30,97.68,97.77,97.68,97.755,61738.0
202703,IH7,476937869,2025-01-31,97.75,97.855,97.73,97.85,59800.0
202703,IH7,476937869,2025-02-03,97.88,97.955,97.88,97.925,55126.0
202703,IH7,476937869,2025-02-04,97.895,97.935,97.87,97.92,27651.0
202703,IH7,476937869,2025-02-05,97.93,97.965,97.92,97.94,24987.0
202703,IH7,476937869,2025-02-06,97.925,97.945,97.89,97.93,31465.0
202703,IH7,476937869,2025-02-07,97.93,97.95,97.88,97.915,33674.0
202703,IH7,476937869,2025-02-10,97.94,97.97,97.925,97.96,22672.0
202703,IH7,476937869,2025-02-11,97.955,97.955,97.88,97.885,26416.0
202703,IH7,476937869,2025-02-12,97.885,97.885,97.81,97.81,38341.0
202703,IH7,476937869,2025-02-13,97.83,97.88,97.815,97.875,44997.0
202703,IH7,476937869,2025-02-14,97.875,97.875,97.815,97.845,34081.0
202703,IH7,476937869,2025-02-17,97.81,97.83,97.785,97.83,21712.0
202703,IH7,476937869,2025-02-18,97.82,97.835,97.795,97.83,28218.0
202703,IH7,476937869,2025-02-19,97.81,97.82,97.765,97.79,29974.0
202703,IH7,476937869,2025-02-20,97.79,97.815,97.77,97.805,23519.0
202703,IH7,476937869,2025-02-21,97.805,97.895,97.805,97.865,35371.0
202703,IH7,476937869,2025-02-24,97.87,97.89,97.845,97.88,26568.0
202703,IH7,476937869,2025-02-25,97.86,97.915,97.86,97.895,25714.0
202703,IH7,476937869,2025-02-26,97.895,97.945,97.875,97.915,22283.0
202703,IH7,476937869,2025-02-27,97.935,97.965,97.91,97.96,28424.0
202703,IH7,476937869,2025-02-28,97.965,98.005,97.965,97.98,42180.0
202703,IH7,476937869,2025-03-03,97.975,98.0,97.9,97.925,63398.0
202703,IH7,476937869,2025-03-04,97.975,98.02,97.855,97.99,75408.0
202703,IH7,476937869,2025-03-05,97.85,97.865,97.62,97.63,126657.0
202703,IH7,476937869,2025-03-06,97.615,97.67,97.525,97.58,122269.0
202703,IH7,476937869,2025-03-07,97.64,97.7,97.595,97.645,65661.0
202703,IH7,476937869,2025-03-10,97.6,97.71,97.6,97.68,45702.0
202703,IH7,476937869,2025-03-11,97.69,97.71,97.61,97.65,49232.0
202703,IH7,476937869,2025-03-12,97.62,97.66,97.59,97.625,49441.0
202703,IH7,476937869,2025-03-13,97.64,97.685,97.605,97.67,42747.0
202703,IH7,476937869,2025-03-14,97.675,97.69,97.615,97.635,57025.0
202703,IH7,476937869,2025-03-17,97.65,97.685,97.635,97.68,47553.0
202703,IH7,476937869,2025-03-18,97.66,97.7,97.635,97.69,33929.0
202703,IH7,476937869,2025-03-19,97.69,97.74,97.675,97.69,21509.0
202703,IH7,476937869,2025-03-20,97.73,97.74,97.695,97.705,25385.0
202703,IH7,476937869,2025-03-21,97.715,97.765,97.71,97.76,25327.0
202703,IH7,476937869,2025-03-24,97.755,97.755,97.71,97.74,24354.0
202703,IH7,476937869,2025-03-25,97.745,97.75,97.685,97.72,22608.0
202703,IH7,476937869,2025-03-26,97.715,97.78,97.71,97.73,26831.0
202703,IH7,476937869,2025-03-27,97.775,97.8,97.75,97.78,38034.0
202703,IH7,476937869,2025-03-28,97.79,97.84,97.79,97.83,30434.0
202703,IH7,476937869,2025-03-31,97.84,97.905,97.8,97.82,55034.0
202703,IH7,476937869,2025-04-01,97.81,97.885,97.81,97.845,34747.0
202703,IH7,476937869,2025-04-02,97.845,97.895,97.82,97.845,45630.0
202703,IH7,476937869,2025-04-03,97.87,97.98,97.87,97.97,84520.0
202703,IH7,476937869,2025-04-04,97.975,98.115,97.97,98.025,101389.0
202703,IH7,476937869,2025-04-07,98.115,98.15,97.935,98.005,95606.0
202703,IH7,476937869,2025-04-08,97.975,98.025,97.91,97.955,63844.0
202703,IH7,476937869,2025-04-09,98.02,98.05,97.785,98.025,72939.0
202703,IH7,476937869,2025-04-10,97.825,98.03,97.825,97.99,61567.0
202703,IH7,476937869,2025-04-11,97.975,98.04,97.92,97.975,58435.0
202703,IH7,476937869,2025-04-14,97.95,98.065,97.94,98.035,30725.0
202703,IH7,476937869,2025-04-15,98.05,98.065,98.025,98.04,37020.0
202703,IH7,476937869,2025-04-16,98.045,98.09,98.045,98.07,38729.0
202703,IH7,476937869,2025-04-17,98.075,98.135,98.015,98.11,55394.0
202703,IH7,476937869,2025-04-22,98.105,98.155,98.1,98.145,34659.0
202703,IH7,476937869,2025-04-23,98.125,98.14,98.055,98.075,46563.0
202703,IH7,476937869,2025-04-24,98.085,98.155,98.08,98.145,33546.0
202703,IH7,476937869,2025-04-25,98.15,98.15,98.1,98.105,31082.0
202703,IH7,476937869,2025-04-28,98.115,98.125,98.07,98.1,25410.0
202703,IH7,476937869,2025-04-29,98.095,98.12,98.08,98.095,27684.0
202703,IH7,476937869,2025-04-30,98.085,98.145,98.075,98.13,35345.0
202703,IH7,476937869,2025-05-02,98.13,98.13,98.04,98.07,40101.0
202703,IH7,476937869,2025-05-05,98.045,98.105,98.03,98.08,20331.0
202703,IH7,476937869,2025-05-06,98.075,98.095,98.055,98.09,30957.0
202703,IH7,476937869,2025-05-07,98.09,98.14,98.075,98.12,36172.0
202703,IH7,476937869,2025-05-08,98.125,98.125,98.045,98.085,33029.0
202703,IH7,476937869,2025-05-09,98.055,98.06,98.025,98.05,31381.0
202703,IH7,476937869,2025-05-12,98.035,98.035,97.905,97.92,67987.0
202703,IH7,476937869,2025-05-13,97.905,97.93,97.895,97.92,38190.0
202703,IH7,476937869,2025-05-14,97.9,97.935,97.875,97.915,42485.0
202703,IH7,476937869,2025-05-15,97.885,97.98,97.885,97.965,24715.0
202703,IH7,476937869,2025-05-16,97.98,98.015,97.98,98.0,31566.0
202703,IH7,476937869,2025-05-19,97.995,98.02,97.95,98.015,31128.0
202703,IH7,476937869,2025-05-20,98.02,98.04,97.98,98.0,24077.0
202703,IH7,476937869,2025-05-21,98.01,98.01,97.96,97.98,23243.0
202703,IH7,476937869,2025-05-22,97.965,98.015,97.955,98.005,32736.0
202703,IH7,476937869,2025-05-23,98.01,98.125,97.995,98.06,57240.0
202703,IH7,476937869,2025-05-26,98.02,98.065,98.0,98.05,13371.0
202703,IH7,476937869,2025-05-27,98.06,98.09,98.055,98.065,24353.0
202703,IH7,476937869,2025-05-28,98.06,98.075,98.04,98.06,28300.0
202703,IH7,476937869,2025-05-29,98.06,98.095,98.02,98.085,31744.0
202703,IH7,476937869,2025-05-30,98.09,98.1,98.06,98.075,29563.0
202703,IH7,476937869,2025-06-02,98.09,98.1,98.05,98.095,51343.0
202703,IH7,476937869,2025-06-03,98.095,98.135,98.095,98.115,63210.0
202703,IH7,476937869,2025-06-04,98.125,98.13,98.07,98.085,39756.0
202703,IH7,476937869,2025-06-05,98.095,98.125,97.995,98.0,81015.0
202703,IH7,476937869,2025-06-06,98.0,98.04,97.985,97.995,43285.0
202703,IH7,476937869,2025-06-09,97.99,98.045,97.985,98.005,34186.0
202703,IH7,476937869,2025-06-10,98.01,98.045,98.005,98.03,31360.0
202703,IH7,476937869,2025-06-11,98.035,98.06,98.02,98.045,25492.0
202703,IH7,476937869,2025-06-12,98.05,98.09,98.045,98.075,36880.0
202703,IH7,476937869,2025-06-13,98.08,98.115,98.015,98.03,46258.0
202703,IH7,476937869,2025-06-16,98.015,98.065,97.99,98.05,42854.0
202703,IH7,476937869,2025-06-17,98.04,98.065,98.025,98.035,40866.0
202703,IH7,476937869,2025-06-18,98.045,98.07,98.025,98.06,33010.0
202703,IH7,476937869,2025-06-19,98.055,98.065,98.03,98.04,27051.0
202703,IH7,476937869,2025-06-20,98.055,98.07,98.025,98.035,24112.0
202703,IH7,476937869,2025-06-23,98.025,98.07,97.995,98.055,35926.0
202703,IH7,476937869,2025-06-24,98.05,98.08,98.035,98.065,36499.0
202703,IH7,476937869,2025-06-25,98.06,98.09,98.03,98.045,26220.0
202703,IH7,476937869,2025-06-26,98.055,98.08,98.05,98.065,36496.0
202703,IH7,476937869,2025-06-27,98.055,98.07,98.015,98.02,34574.0
202703,IH7,476937869,2025-06-30,98.04,98.055,98.01,98.03,38482.0
202703,IH7,476937869,2025-07-01,98.025,98.065,98.02,98.04,33742.0
202703,IH7,476937869,2025-07-02,98.045,98.045,98.0,98.015,36156.0
202703,IH7,476937869,2025-07-03,98.01,98.045,98.01,98.035,32122.0
202703,IH7,476937869,2025-07-04,98.04,98.08,98.04,98.06,21590.0
202703,IH7,476937869,2025-07-07,98.07,98.075,98.03,98.035,25807.0
202703,IH7,476937869,2025-07-08,98.035,98.035,97.985,98.005,41095.0
202703,IH7,476937869,2025-07-09,98.005,98.035,97.995,98.025,26293.0
202703,IH7,476937869,2025-07-10,98.03,98.04,97.98,97.99,25938.0
202703,IH7,476937869,2025-07-11,97.99,98.01,97.95,97.955,34257.0
202703,IH7,476937869,2025-07-14,97.975,97.995,97.965,97.98,33249.0
202703,IH7,476937869,2025-07-15,97.99,98.025,97.98,98.005,36126.0
202703,IH7,476937869,2025-07-16,98.005,98.05,97.985,98.03,37037.0
202703,IH7,476937869,2025-07-17,98.045,98.045,98.015,98.035,24476.0
202703,IH7,476937869,2025-07-18,98.02,98.04,98.0,98.01,26419.0
202703,IH7,476937869,2025-07-21,98.035,98.08,98.035,98.075,34131.0
202703,IH7,476937869,2025-07-22,98.075,98.095,98.06,98.09,42010.0
202703,IH7,476937869,2025-07-23,98.08,98.105,98.015,98.095,45039.0
202703,IH7,476937869,2025-07-24,98.03,98.045,97.96,97.98,78881.0
202703,IH7,476937869,2025-07-25,97.965,97.97,97.9,97.935,66815.0
202703,IH7,476937869,2025-07-28,97.93,97.99,97.915,97.98,47443.0
202703,IH7,476937869,2025-07-29,97.985,97.985,97.945,97.965,31320.0
202703,IH7,476937869,2025-07-30,97.965,97.97,97.925,97.94,30864.0
202703,IH7,476937869,2025-07-31,97.925,97.945,97.91,97.93,38589.0
202703,IH7,476937869,2025-08-01,97.92,98.01,97.905,97.975,66385.0
202703,IH7,476937869,2025-08-04,97.985,98.015,97.955,98.0,30598.0
202703,IH7,476937869,2025-08-05,98.015,98.02,97.985,98.005,29052.0
202703,IH7,476937869,2025-08-06,98.01,98.015,97.985,98.005,22616.0
202703,IH7,476937869,2025-08-07,98.0,98.015,97.98,97.99,27330.0
202703,IH7,476937869,2025-08-08,97.99,97.995,97.945,97.95,32744.0
202703,IH7,476937869,2025-08-11,97.95,97.975,97.945,97.95,19817.0
202703,IH7,476937869,2025-08-12,97.95,97.97,97.93,97.945,30525.0
202703,IH7,476937869,2025-08-13,97.95,98.005,97.945,98.005,27788.0
202703,IH7,476937869,2025-08-14,98.0,98.015,97.975,97.98,23766.0
202703,IH7,476937869,2025-08-15,97.985,97.99,97.935,97.95,30890.0
202703,IH7,476937869,2025-08-18,97.945,97.97,97.94,97.955,26510.0
202703,IH7,476937869,2025-08-19,97.965,97.98,97.95,97.975,29174.0
202703,IH7,476937869,2025-08-20,97.98,98.005,97.965,98.005,24584.0
202703,IH7,476937869,2025-08-21,98.0,98.01,97.94,97.95,37640.0
202703,IH7,476937869,2025-08-22,97.955,97.995,97.935,97.985,34745.0
202703,IH7,476937869,2025-08-25,97.985,97.985,97.935,97.95,21675.0
202703,IH7,476937869,2025-08-26,97.96,97.995,97.96,97.985,28768.0
202703,IH7,476937869,2025-08-27,97.99,98.04,97.985,98.035,46218.0
202703,IH7,476937869,2025-08-28,98.035,98.045,98.005,98.01,24628.0
202703,IH7,476937869,2025-08-29,98.02,98.03,98.005,98.015,30069.0
202703,IH7,476937869,2025-09-01,98.02,98.02,97.99,98.0,26161.0
202703,IH7,476937869,2025-09-02,98.005,98.01,97.955,97.97,39057.0
202703,IH7,476937869,2025-09-03,97.97,98.0,97.96,97.995,26973.0
202703,IH7,476937869,2025-09-04,97.995,98.015,97.99,97.995,28981.0
202703,IH7,476937869,2025-09-05,97.995,98.05,97.99,98.04,38486.0
202703,IH7,476937869,2025-09-08,98.02,98.05,98.015,98.05,32587.0
202703,IH7,476937869,2025-09-09,98.035,98.04,98.01,98.02,29510.0
202703,IH7,476937869,2025-09-10,98.02,98.035,98.0,98.005,28082.0
202703,IH7,476937869,2025-09-11,98.01,98.025,97.96,97.965,63585.0
202703,IH7,476937869,2025-09-12,97.96,97.96,97.915,97.93,51131.0
202703,IH7,476937869,2025-09-15,97.935,97.95,97.925,97.93,27285.0
202703,IH7,476937869,2025-09-16,97.925,97.95,97.92,97.935,38515.0
202703,IH7,476937869,2025-09-17,97.94,97.96,97.925,97.935,45917.0
202703,IH7,476937869,2025-09-18,97.93,97.96,97.93,97.935,30388.0
202703,IH7,476937869,2025-09-19,97.935,97.935,97.91,97.92,28794.0
202703,IH7,476937869,2025-09-22,97.915,97.94,97.91,97.935,22058.0
202703,IH7,476937869,2025-09-23,97.935,97.945,97.915,97.915,28976.0
202703,IH7,476937869,2025-09-24,97.925,97.93,97.91,97.92,29147.0
202703,IH7,476937869,2025-09-25,97.92,97.92,97.88,97.89,43010.0
202703,IH7,476937869,2025-09-26,97.885,97.91,97.88,97.9,30529.0
202703,IH7,476937869,2025-09-29,97.905,97.92,97.9,97.915,17721.0
202703,IH7,476937869,2025-09-30,97.91,97.93,97.9,97.915,27481.0
202703,IH7,476937869,2025-10-01,97.915,97.945,97.895,97.935,39102.0
202703,IH7,476937869,2025-10-02,97.935,97.95,97.915,97.925,24952.0
202703,IH7,476937869,2025-10-03,97.935,97.94,97.925,97.925,25771.0
202703,IH7,476937869,2025-10-06,97.92,97.95,97.915,97.935,31817.0
202703,IH7,476937869,2025-10-07,97.94,97.94,97.92,97.935,22321.0
202703,IH7,476937869,2025-10-08,97.935,97.975,97.935,97.965,46175.0
202703,IH7,476937869,2025-10-09,97.965,97.97,97.95,97.955,28297.0
202703,IH7,476937869,2025-10-10,97.95,98.01,97.95,97.995,54707.0
202703,IH7,476937869,2025-10-13,98.0,98.03,97.98,98.02,51400.0
202703,IH7,476937869,2025-10-14,98.025,98.07,98.02,98.035,61988.0
202703,IH7,476937869,2025-10-15,98.045,98.075,98.04,98.07,70119.0
202703,IH7,476937869,2025-10-16,98.06,98.12,98.055,98.07,72985.0
202703,IH7,476937869,2025-10-17,98.105,98.13,98.06,98.075,79846.0
202703,IH7,476937869,2025-10-20,98.065,98.075,98.05,98.065,25513.0
202703,IH7,476937869,2025-10-21,98.065,98.08,98.06,98.075,27006.0
202703,IH7,476937869,2025-10-22,98.075,98.095,98.06,98.065,40330.0
202703,IH7,476937869,2025-10-23,98.07,98.075,98.045,98.05,35691.0
202703,IH7,476937869,2025-10-24,98.045,98.06,97.995,98.0,63745.0
202703,IH7,476937869,2025-10-27,97.995,98.005,97.985,97.995,37030.0
202703,IH7,476937869,2025-10-28,98.005,98.015,97.985,97.995,32784.0
202703,IH7,476937869,2025-10-29,97.995,98.005,97.97,98.005,26862.0
202703,IH7,476937869,2025-10-30,97.97,97.985,97.955,97.975,48665.0
202703,IH7,476937869,2025-10-31,97.985,98.0,97.97,97.995,48495.0
202703,IH7,476937869,2025-11-03,98.0,98.0,97.955,97.965,31270.0
202703,IH7,476937869,2025-11-04,97.965,97.985,97.965,97.975,33546.0
202703,IH7,476937869,2025-11-05,97.98,97.99,97.96,97.965,37978.0
202703,IH7,476937869,2025-11-06,97.965,97.985,97.965,97.97,34904.0
202703,IH7,476937869,2025-11-07,97.965,97.985,97.96,97.98,36395.0
202703,IH7,476937869,2025-11-10,97.965,97.975,97.955,97.97,27477.0
202703,IH7,476937869,2025-11-11,97.96,97.975,97.955,97.975,25695.0
202703,IH7,476937869,2025-11-12,97.965,97.975,97.95,97.97,45164.0
202703,IH7,476937869,2025-11-13,97.965,97.965,97.93,97.935,55956.0
202703,IH7,476937869,2025-11-14,97.935,97.945,97.91,97.92,65646.0
202703,IH7,476937869,2025-11-17,97.915,97.925,97.9,97.905,42162.0
202703,IH7,476937869,2025-11-18,97.905,97.945,97.905,97.93,51436.0
202703,IH7,476937869,2025-11-19,97.93,97.955,97.93,97.935,47694.0
202703,IH7,476937869,2025-11-20,97.93,97.95,97.92,97.945,40942.0
202703,IH7,476937869,2025-11-21,97.945,97.985,97.94,97.97,54223.0
202703,IH7,476937869,2025-11-24,97.965,97.97,97.94,97.96,31288.0
202703,IH7,476937869,2025-11-25,97.96,97.97,97.95,97.96,31780.0
202703,IH7,476937869,2025-11-26,97.965,97.975,97.95,97.96,35044.0
202703,IH7,476937869,2025-11-27,97.965,97.965,97.95,97.955,13616.0
202703,IH7,476937869,2025-11-28,97.95,97.955,97.935,97.945,22006.0
202703,IH7,476937869,2025-12-01,97.94,97.945,97.905,97.915,62966.0
202703,IH7,476937869,2025-12-02,97.91,97.93,97.9,97.925,43625.0
202703,IH7,476937869,2025-12-03,97.93,97.94,97.92,97.925,39503.0
202703,IH7,476937869,2025-12-04,97.925,97.925,97.905,97.91,38734.0
202703,IH7,476937869,2025-12-05,97.91,97.915,97.855,97.875,61660.0
202703,IH7,476937869,2025-12-08,97.865,97.865,97.755,97.76,125493.0
202703,IH7,476937869,2025-12-09,97.775,97.8,97.74,97.785,79069.0
202703,IH7,476937869,2025-12-10,97.775,97.785,97.705,97.75,114419.0
202703,IH7,476937869,2025-12-11,97.785,97.795,97.765,97.77,54212.0
202703,IH7,476937869,2025-12-12,97.765,97.785,97.75,97.78,31835.0
202703,IH7,476937869,2025-12-15,97.785,97.8,97.78,97.79,34120.0
202703,IH7,476937869,2025-12-16,97.79,97.81,97.78,97.8,51611.0
202703,IH7,476937869,2025-12-17,97.81,97.825,97.795,97.8,41503.0
202703,IH7,476937869,2025-12-18,97.81,97.83,97.765,97.805,101006.0
202703,IH7,476937869,2025-12-19,97.805,97.81,97.775,97.785,35289.0
202703,IH7,476937869,2025-12-22,97.775,97.79,97.765,97.775,35346.0
202703,IH7,476937869,2025-12-23,97.785,97.8,97.78,97.795,29588.0
202703,IH7,476937869,2025-12-24,97.795,97.81,97.785,97.8,3879.0
202703,IH7,476937869,2025-12-29,97.805,97.835,97.79,97.83,30934.0
202703,IH7,476937869,2025-12-30,97.83,97.84,97.82,97.83,20662.0
202703,IH7,476937869,2025-12-31,97.825,97.83,97.82,97.83,10597.0
202703,IH7,476937869,2026-01-02,97.82,97.835,97.8,97.815,33762.0
202703,IH7,476937869,2026-01-05,97.81,97.83,97.805,97.825,40973.0
202703,IH7,476937869,2026-01-06,97.82,97.875,97.81,97.865,78821.0
202703,IH7,476937869,2026-01-07,97.87,97.9,97.87,97.895,77427.0
202703,IH7,476937869,2026-01-08,97.885,97.895,97.865,97.875,57003.0
202703,IH7,476937869,2026-01-09,97.88,97.885,97.845,97.87,66641.0
202703,IH7,476937869,2026-01-12,97.855,97.88,97.85,97.88,45216.0
202703,IH7,476937869,2026-01-13,97.88,97.885,97.855,97.88,53986.0
202703,IH7,476937869,2026-01-14,97.88,97.9,97.87,97.895,65544.0
202703,IH7,476937869,2026-01-15,97.89,97.89,97.86,97.87,73474.0
202703,IH7,476937869,2026-01-16,97.865,97.87,97.84,97.85,71657.0
202703,IH7,476937869,2026-01-19,97.855,97.9,97.855,97.885,78222.0
202703,IH7,476937869,2026-01-20,97.88,97.915,97.87,97.9,65896.0
202703,IH7,476937869,2026-01-21,97.91,97.925,97.845,97.88,105976.0
202703,IH7,476937869,2026-01-22,97.855,97.88,97.85,97.86,60608.0
202703,IH7,476937869,2026-01-23,97.855,97.865,97.825,97.835,82894.0
202703,IH7,476937869,2026-01-26,97.84,97.865,97.84,97.86,46739.0
202703,IH7,476937869,2026-01-27,97.86,97.885,97.845,97.875,65660.0
202703,IH7,476937869,2026-01-28,97.88,97.925,97.88,97.91,138442.0
202703,IH7,476937869,2026-01-29,97.91,97.945,97.905,97.935,83288.0
202703,IH7,476937869,2026-01-30,97.925,97.935,97.91,97.92,67601.0
202703,IH7,476937869,2026-02-02,97.91,97.93,97.88,97.89,58818.0
202703,IH7,476937869,2026-02-03,97.885,97.89,97.87,97.88,53894.0
202703,IH7,476937869,2026-02-04,97.885,97.92,97.88,97.905,49924.0
202703,IH7,476937869,2026-02-05,97.905,97.93,97.9,97.92,80750.0
202703,IH7,476937869,2026-02-06,97.925,97.945,97.92,97.925,57789.0
202703,IH7,476937869,2026-02-09,97.925,97.95,97.91,97.95,56247.0
202703,IH7,476937869,2026-02-10,97.945,97.96,97.935,97.955,57089.0
202703,IH7,476937869,2026-02-11,97.955,97.965,97.93,97.95,78497.0
202703,IH7,476937869,2026-02-12,97.94,97.975,97.94,97.96,40445.0
202703,IH7,476937869,2026-02-13,97.97,98.005,97.965,97.99,96442.0
202703,IH7,476937869,2026-02-16,97.98,97.995,97.975,97.985,35121.0
202703,IH7,476937869,2026-02-17,97.99,98.015,97.98,97.995,68324.0
202703,IH7,476937869,2026-02-18,97.99,97.995,97.97,97.98,46774.0
202703,IH7,476937869,2026-02-19,97.98,97.98,97.96,97.97,48776.0
202703,IH7,476937869,2026-02-20,97.97,97.98,97.95,97.96,36206.0
202703,IH7,476937869,2026-02-23,97.97,97.985,97.96,97.985,48571.0
202703,IH7,476937869,2026-02-24,97.98,97.99,97.96,97.97,39984.0
202703,IH7,476937869,2026-02-25,97.97,97.975,97.96,97.965,39091.0
202703,IH7,476937869,2026-02-26,97.97,97.985,97.97,97.975,47446.0
202703,IH7,476937869,2026-02-27,97.975,98.03,97.97,98.01,93710.0
202703,IH7,476937869,2026-03-02,98.02,98.03,97.885,97.91,174312.0
202703,IH7,476937869,2026-03-03,97.885,97.885,97.69,97.78,391189.0
202703,IH7,476937869,2026-03-04,97.835,97.865,97.755,97.86,196318.0
202703,IH7,476937869,2026-03-05,97.835,97.835,97.675,97.71,272430.0
202703,IH7,476937869,2026-03-06,97.745,97.75,97.48,97.59,361470.0
202703,IH7,476937869,2026-03-09,97.46,97.675,97.255,97.525,343748.0
202703,IH7,476937869,2026-03-10,97.67,97.72,97.55,97.67,220769.0
202703,IH7,476937869,2026-03-11,97.585,97.635,97.43,97.465,200620.0
202703,IH7,476937869,2026-03-12,97.43,97.5,97.355,97.42,165061.0
202703,IH7,476937869,2026-03-13,97.38,97.485,97.34,97.405,128934.0
202703,IH7,476937869,2026-03-16,97.39,97.49,97.375,97.445,110148.0
202703,IH7,476937869,2026-03-17,97.47,97.515,97.43,97.48,92081.0
202703,IH7,476937869,2026-03-18,97.47,97.525,97.295,97.385,146521.0
202703,IH7,476937869,2026-03-19,97.3,97.34,97.105,97.215,275250.0
202703,IH7,476937869,2026-03-20,97.255,97.29,97.005,97.08,171283.0
202703,IH7,476937869,2026-03-23,97.0,97.315,96.9,97.185,263537.0
202703,IH7,476937869,2026-03-24,97.18,97.22,97.02,97.095,176243.0
202703,IH7,476937869,2026-03-25,97.17,97.235,97.125,97.17,135131.0
202703,IH7,476937869,2026-03-26,97.13,97.13,96.985,97.05,123191.0
202703,IH7,476937869,2026-03-27,97.01,97.075,96.93,97.03,120468.0
202703,IH7,476937869,2026-03-30,97.045,97.15,97.04,97.135,83888.0
202703,IH7,476937869,2026-03-31,97.12,97.255,97.095,97.15,143437.0
202703,IH7,476937869,2026-04-01,97.22,97.3,97.18,97.21,126133.0
202703,IH7,476937869,2026-04-02,97.215,97.22,97.1,97.175,88440.0
202703,IH7,476937869,2026-04-07,97.155,97.19,97.02,97.03,127848.0
202703,IH7,476937869,2026-04-08,97.265,97.425,97.265,97.38,182752.0
202703,IH7,476937869,2026-04-09,97.35,97.35,97.27,97.28,114138.0
202703,IH7,476937869,2026-04-10,97.32,97.325,97.225,97.27,94960.0
202703,IH7,476937869,2026-04-13,97.23,97.245,97.165,97.185,100796.0
202703,IH7,476937869,2026-04-14,97.24,97.345,97.235,97.31,95696.0
202703,IH7,476937869,2026-04-15,97.33,97.365,97.305,97.32,89453.0
202703,IH7,476937869,2026-04-16,97.35,97.395,97.3,97.34,88320.0
202703,IH7,476937869,2026-04-17,97.295,97.515,97.295,97.47,157600.0
202703,IH7,476937869,2026-04-20,97.425,97.455,97.395,97.425,77855.0
202703,IH7,476937869,2026-04-21,97.43,97.445,97.26,97.355,93369.0
202703,IH7,476937869,2026-04-22,97.285,97.37,97.27,97.305,86978.0
202703,IH7,476937869,2026-04-23,97.295,97.31,97.17,97.285,119302.0
202703,IH7,476937869,2026-04-24,97.215,97.315,97.205,97.275,98144.0
202703,IH7,476937869,2026-04-27,97.275,97.315,97.235,97.265,55260.0
202703,IH7,476937869,2026-04-28,97.265,97.265,97.13,97.18,151495.0
202703,IH7,476937869,2026-04-29,97.155,97.175,97.01,97.075,112912.0
202703,IH7,476937869,2026-04-30,97.035,97.175,97.005,97.14,127473.0
202703,IH7,476937869,2026-05-04,97.13,97.165,97.005,97.075,66807.0
202703,IH7,476937869,2026-05-05,97.035,97.11,97.03,97.085,70962.0
202703,IH7,476937869,2026-05-06,97.11,97.36,97.1,97.275,170646.0
202703,IH7,476937869,2026-05-07,97.27,97.345,97.195,97.275,124592.0
202703,IH7,476937869,2026-05-08,97.225,97.27,97.215,97.245,71769.0
202703,IH7,476937869,2026-05-11,97.23,97.245,97.145,97.16,74037.0
202703,IH7,476937869,2026-05-12,97.15,97.15,97.075,97.1,100190.0
202703,IH7,476937869,2026-05-13,97.075,97.13,97.075,97.09,74133.0
202703,IH7,476937869,2026-05-14,97.12,97.18,97.11,97.16,95450.0
202703,IH7,476937869,2026-05-15,97.13,97.14,97.055,97.08,90303.0
202703,IH7,476937869,2026-05-18,97.055,97.15,97.035,97.095,82732.0
202703,IH7,476937869,2026-05-19,97.12,97.145,97.055,97.07,80965.0
202703,IH7,476937869,2026-05-20,97.08,97.25,97.075,97.18,117650.0
202703,IH7,476937869,2026-05-21,97.195,97.235,97.125,97.145,122338.0
202703,IH7,476937869,2026-05-22,97.21,97.245,97.18,97.195,81216.0
202703,IH7,476937869,2026-05-25,97.255,97.35,97.245,97.335,49481.0
202703,IH7,476937869,2026-05-26,97.325,97.34,97.245,97.26,95293.0
202703,IH7,476937869,2026-05-27,97.285,97.325,97.26,97.285,83075.0
202703,IH7,476937869,2026-05-28,97.28,97.365,97.23,97.325,82703.0
202703,IH7,476937869,2026-05-29,97.33,97.365,97.305,97.345,95001.0
202703,IH7,476937869,2026-06-01,97.32,97.325,97.195,97.205,135997.0
202703,IH7,476937869,2026-06-02,97.27,97.29,97.21,97.235,85520.0
202703,IH7,476937869,2026-06-03,97.22,97.23,97.16,97.18,98946.0
202703,IH7,476937869,2026-06-04,97.185,97.225,97.17,97.205,83577.0
202703,IH7,476937869,2026-06-05,97.215,97.235,97.15,97.175,77763.0
202703,IH7,476937869,2026-06-08,97.16,97.19,97.115,97.16,100845.0
202703,IH7,476937869,2026-06-09,97.15,97.215,97.14,97.19,99085.0
202703,IH7,476937869,2026-06-10,97.175,97.2,97.125,97.155,93762.0
202703,IH7,476937869,2026-06-11,97.13,97.3,97.125,97.21,209671.0
202703,IH7,476937869,2026-06-12,97.28,97.31,97.24,97.27,155492.0
202703,IH7,476937869,2026-06-15,97.33,97.35,97.08,97.325,124573.0
202703,IH7,476937869,2026-06-16,97.31,97.35,97.305,97.31,111419.0
202703,IH7,476937869,2026-06-17,97.32,97.345,97.235,97.305,101792.0
202703,IH7,476937869,2026-06-18,97.245,97.3,97.23,97.295,97290.0
202703,IH7,476937869,2026-06-19,97.255,97.275,97.23,97.245,77018.0
202703,IH7,476937869,2026-06-22,97.235,97.32,97.23,97.305,104322.0
202703,IH7,476937869,2026-06-23,97.3,97.345,97.3,97.325,107780.0
202703,IH7,476937869,2026-06-24,97.325,97.37,97.31,97.355,96406.0
202703,IH7,476937869,2026-06-25,97.35,97.39,97.34,97.375,89629.0
202703,IH7,476937869,2026-06-26,97.36,97.415,97.36,97.41,98606.0
202703,IH7,476937869,2026-06-29,97.395,97.4,97.36,97.38,71475.0
202703,IH7,476937869,2026-06-30,97.38,97.425,97.37,97.385,92926.0
202703,IH7,476937869,2026-07-01,97.39,97.43,97.375,97.425,104329.0
202703,IH7,476937869,2026-07-02,97.41,97.46,97.4,97.455,90102.0
202703,IH7,476937869,2026-07-03,97.45,97.46,97.41,97.42,60140.0
202703,IH7,476937869,2026-07-06,97.415,97.445,97.4,97.415,48532.0
202703,IH7,476937869,2026-07-07,97.405,97.405,97.295,97.36,93099.0
202703,IH7,476937869,2026-07-08,97.315,97.315,97.18,97.21,241332.0
202703,IH7,476937869,2026-07-09,97.21,97.275,97.21,97.26,85041.0
202703,IH7,476937869,2026-07-10,97.27,97.295,97.245,97.265,80496.0
202703,IH7,476937869,2026-07-13,97.23,97.245,97.125,97.19,113501.0
202703,IH7,476937869,2026-07-14,97.13,97.185,97.06,97.175,203992.0
202703,IH7,476937869,2026-07-15,97.155,97.185,97.135,97.175,103332.0
202703,IH7,476937869,2026-07-16,97.16,97.17,97.105,97.135,92565.0
202703,IH7,476937869,2026-07-17,97.135,97.15,97.07,97.11,108468.0
202703,IH7,476937869,2026-07-20,97.05,97.13,97.03,97.105,101339.0
202703,IH7,476937869,2026-07-21,97.095,97.125,97.08,97.09,65728.0
202703,IH7,476937869,2026-07-22,97.08,97.09,97.025,97.035,127532.0
202703,IH7,476937869,2026-07-23,97.02,97.03,96.97,96.995,139387.0
202703,IH7,476937869,2026-07-24,97.0,97.07,96.985,97.05,79061.0
202703,IH7,476937869,2026-07-27,97.1,97.13,97.085,97.11,81218.0
202703,IH7,476937869,2026-07-28,97.11,97.165,97.11,97.14,63577.0
202703,IH7,476937869,2026-07-29,97.135,97.145,97.06,97.08,95597.0
202703,IH7,476937869,2026-07-30,97.09,97.155,97.08,97.125,70932.0
202703,IH7,476937869,2026-07-31,97.135,97.155,97.07,97.095,81580.0
202703,IH7,476937869,2026-08-03,97.12,97.155,97.12,97.14,50864.0
202703,IH7,476937869,2026-08-04,97.135,97.215,97.12,97.185,81905.0
202703,IH7,476937869,2026-08-05,97.21,97.23,97.18,97.2,82064.0
202703,IH7,476937869,2026-08-06,97.21,97.21,97.15,97.185,50503.0
202703,IH7,476937869,2026-08-07,97.155,97.215,97.15,97.185,67392.0
202703,IH7,476937869,2026-08-10,97.19,97.195,97.125,97.14,64508.0
202703,IH7,476937869,2026-08-11,97.125,97.16,97.105,97.15,73385.0
202703,IH7,476937869,2026-08-12,97.14,97.17,97.12,97.14,63311.0
202703,IH7,476937869,2026-08-13,97.125,97.17,97.12,97.16,49023.0
202703,IH7,476937869,2026-08-14,97.16,97.165,97.12,97.13,56307.0
202703,IH7,476937869,2026-08-17,97.125,97.145,97.115,97.135,63166.0
202703,IH7,476937869,2026-08-18,97.12,97.12,97.07,97.085,63766.0
202703,IH7,476937869,2026-08-19,97.085,97.095,97.06,97.065,56930.0
202703,IH7,476937869,2026-08-20,97.075,97.095,97.05,97.09,62829.0
202703,IH7,476937869,2026-08-21,97.09,97.13,97.085,97.1,51679.0
202703,IH7,476937869,2026-08-24,97.095,97.11,97.05,97.055,70411.0
202703,IH7,476937869,2026-08-25,97.065,97.175,97.05,97.11,92877.0
202703,IH7,476937869,2026-08-26,97.17,97.17,97.08,97.1,77031.0
202703,IH7,476937869,2026-08-27,97.1,97.11,97.065,97.085,55615.0
202703,IH7,476937869,2026-08-28,97.07,97.095,97.035,97.05,92016.0
202703,IH7,476937869,2026-08-31,97.05,97.06,97.01,97.025,72944.0
202703,IH7,476937869,2026-09-01,97.015,97.02,96.93,97.0,129238.0
202703,IH7,476937869,2026-09-02,96.925,96.965,96.91,96.945,124952.0
202703,IH7,476937869,2026-09-03,96.955,97.0,96.95,96.98,79501.0
202703,IH7,476937869,2026-09-04,96.97,97.01,96.955,96.995,77287.0
202703,IH7,476937869,2026-09-07,96.98,96.99,96.945,96.955,43380.0
202703,IH7,476937869,2026-09-08,96.955,96.975,96.94,96.965,77163.0
202703,IH7,476937869,2026-09-09,96.955,96.96,96.885,96.905,140221.0
202703,IH7,476937869,2026-09-10,96.9,96.935,96.615,96.7,384093.0
202703,IH7,476937869,2026-09-11,96.615,96.725,96.605,96.69,245051.0
202703,IH7,476937869,2026-09-14,96.69,96.7,96.545,96.595,236285.0
202703,IH7,476937869,2026-09-15,96.62,96.675,96.585,96.66,198998.0
202703,IH7,476937869,2026-09-16,96.635,96.715,96.625,96.7,172430.0
202703,IH7,476937869,2026-09-17,96.65,96.705,96.65,96.685,101849.0
202703,IH7,476937869,2026-09-18,96.665,96.685,96.615,96.62,137392.0
202703,IH7,476937869,2026-09-21,96.64,96.72,96.64,96.71,106646.0
202703,IH7,476937869,2026-09-22,96.7,96.74,96.67,96.71,132452.0
202703,IH7,476937869,2026-09-23,96.725,96.74,96.57,96.635,209245.0
202703,IH7,476937869,2026-09-24,96.6,96.67,96.595,96.615,203017.0
202703,IH7,476937869,2026-09-25,96.63,96.665,96.63,96.66,9962.0
202706,IM7,496885442,2024-09-26,97.915,97.955,97.9,97.915,20800.0
202706,IM7,496885442,2024-09-27,97.91,97.965,97.895,97.935,24995.0
202706,IM7,496885442,2024-09-30,97.945,97.97,97.9,97.945,24470.0
202706,IM7,496885442,2024-10-01,97.945,98.06,97.945,98.025,29370.0
202706,IM7,496885442,2024-10-02,98.025,98.04,97.965,97.98,26549.0
202706,IM7,496885442,2024-10-03,97.97,97.98,97.915,97.935,18782.0
202706,IM7,496885442,2024-10-04,97.92,97.92,97.815,97.83,29733.0
202706,IM7,496885442,2024-10-07,97.81,97.82,97.75,97.765,35566.0
202706,IM7,496885442,2024-10-08,97.78,97.8,97.765,97.785,21531.0
202706,IM7,496885442,2024-10-09,97.8,97.82,97.755,97.775,18209.0
202706,IM7,496885442,2024-10-10,97.75,97.8,97.71,97.775,25744.0
202706,IM7,496885442,2024-10-11,97.795,97.82,97.755,97.785,20784.0
202706,IM7,496885442,2024-10-14,97.805,97.82,97.79,97.8,10623.0
202706,IM7,496885442,2024-10-15,97.82,97.875,97.82,97.87,17562.0
202706,IM7,496885442,2024-10-16,97.86,97.915,97.86,97.91,13913.0
202706,IM7,496885442,2024-10-17,97.905,97.94,97.88,97.905,28972.0
202706,IM7,496885442,2024-10-18,97.915,97.955,97.89,97.945,20298.0
202706,IM7,496885442,2024-10-21,97.945,97.955,97.845,97.855,15432.0
202706,IM7,496885442,2024-10-22,97.84,97.865,97.81,97.83,23079.0
202706,IM7,496885442,2024-10-23,97.84,97.855,97.82,97.825,21366.0
202706,IM7,496885442,2024-10-24,97.825,97.895,97.815,97.89,18467.0
202706,IM7,496885442,2024-10-25,97.86,97.885,97.825,97.85,12097.0
202706,IM7,496885442,2024-10-28,97.81,97.9,97.79,97.865,19770.0
202706,IM7,496885442,2024-10-29,97.88,97.89,97.825,97.835,14629.0
202706,IM7,496885442,2024-10-30,97.865,97.875,97.71,97.755,33957.0
202706,IM7,496885442,2024-10-31,97.71,97.76,97.665,97.735,41048.0
202706,IM7,496885442,2024-11-01,97.745,97.805,97.72,97.75,21188.0
202706,IM7,496885442,2024-11-04,97.765,97.775,97.715,97.75,17630.0
202706,IM7,496885442,2024-11-05,97.74,97.745,97.68,97.7,18479.0
202706,IM7,496885442,2024-11-06,97.695,97.825,97.62,97.79,38211.0
202706,IM7,496885442,2024-11-07,97.8,97.825,97.735,97.795,28781.0
202706,IM7,496885442,2024-11-08,97.79,97.86,97.785,97.825,15812.0
202706,IM7,496885442,2024-11-11,97.84,97.9,97.83,97.895,15902.0
202706,IM7,496885442,2024-11-12,97.89,97.915,97.825,97.875,17833.0
202706,IM7,496885442,2024-11-13,97.83,97.855,97.795,97.835,26850.0
202706,IM7,496885442,2024-11-14,97.805,97.91,97.785,97.89,22437.0
202706,IM7,496885442,2024-11-15,97.885,97.91,97.845,97.89,15440.0
202706,IM7,496885442,2024-11-18,97.9,97.9,97.82,97.86,19547.0
202706,IM7,496885442,2024-11-19,97.865,97.93,97.845,97.865,19709.0
202706,IM7,496885442,2024-11-20,97.85,97.85,97.81,97.835,15726.0
202706,IM7,496885442,2024-11-21,97.825,97.875,97.81,97.855,20077.0
202706,IM7,496885442,2024-11-22,97.845,97.95,97.83,97.905,31474.0
202706,IM7,496885442,2024-11-25,97.905,97.965,97.9,97.945,20216.0
202706,IM7,496885442,2024-11-26,97.95,97.96,97.915,97.93,17245.0
202706,IM7,496885442,2024-11-27,97.94,97.965,97.925,97.945,22393.0
202706,IM7,496885442,2024-11-28,97.94,98.02,97.94,98.0,15256.0
202706,IM7,496885442,2024-11-29,98.015,98.08,98.005,98.06,24714.0
202706,IM7,496885442,2024-12-02,98.065,98.13,98.055,98.12,25261.0
202706,IM7,496885442,2024-12-03,98.125,98.135,98.095,98.115,20455.0
202706,IM7,496885442,2024-12-04,98.11,98.125,98.065,98.095,27298.0
202706,IM7,496885442,2024-12-05,98.12,98.125,98.03,98.035,25441.0
202706,IM7,496885442,2024-12-06,98.055,98.085,98.02,98.06,20069.0
202706,IM7,496885442,2024-12-09,98.09,98.11,98.065,98.075,15857.0
202706,IM7,496885442,2024-12-10,98.07,98.105,98.06,98.08,20247.0
202706,IM7,496885442,2024-12-11,98.075,98.13,98.07,98.09,21628.0
202706,IM7,496885442,2024-12-12,98.075,98.11,97.985,98.035,32833.0
202706,IM7,496885442,2024-12-13,97.995,98.02,97.935,97.965,29110.0
202706,IM7,496885442,2024-12-16,97.94,97.995,97.935,97.98,21601.0
202706,IM7,496885442,2024-12-17,97.985,97.995,97.945,97.965,23388.0
202706,IM7,496885442,2024-12-18,97.945,97.97,97.88,97.945,16371.0
202706,IM7,496885442,2024-12-19,97.885,97.915,97.855,97.875,28362.0
202706,IM7,496885442,2024-12-20,97.895,97.935,97.875,97.91,20185.0
202706,IM7,496885442,2024-12-23,97.895,97.9,97.85,97.86,13796.0
202706,IM7,496885442,2024-12-24,97.865,97.87,97.84,97.85,3460.0
202706,IM7,496885442,2024-12-27,97.855,97.87,97.79,97.815,16661.0
202706,IM7,496885442,2024-12-30,97.79,97.86,97.79,97.86,13731.0
202706,IM7,496885442,2024-12-31,97.86,97.88,97.855,97.86,2632.0
202706,IM7,496885442,2025-01-02,97.835,97.92,97.835,97.865,22859.0
202706,IM7,496885442,2025-01-03,97.865,97.88,97.78,97.795,29119.0
202706,IM7,496885442,2025-01-06,97.775,97.785,97.725,97.735,29481.0
202706,IM7,496885442,2025-01-07,97.75,97.77,97.73,97.745,33401.0
202706,IM7,496885442,2025-01-08,97.755,97.765,97.69,97.735,25851.0
202706,IM7,496885442,2025-01-09,97.725,97.735,97.68,97.695,22345.0
202706,IM7,496885442,2025-01-10,97.69,97.69,97.61,97.635,28070.0
202706,IM7,496885442,2025-01-13,97.61,97.62,97.57,97.605,30945.0
202706,IM7,496885442,2025-01-14,97.605,97.635,97.555,97.57,26189.0
202706,IM7,496885442,2025-01-15,97.57,97.71,97.56,97.695,48463.0
202706,IM7,496885442,2025-01-16,97.69,97.73,97.66,97.715,30841.0
202706,IM7,496885442,2025-01-17,97.715,97.755,97.71,97.735,22033.0
202706,IM7,496885442,2025-01-20,97.73,97.745,97.7,97.74,19706.0
202706,IM7,496885442,2025-01-21,97.74,97.76,97.705,97.74,22204.0
202706,IM7,496885442,2025-01-22,97.73,97.76,97.705,97.725,17388.0
202706,IM7,496885442,2025-01-23,97.715,97.725,97.675,97.69,22347.0
202706,IM7,496885442,2025-01-24,97.705,97.71,97.63,97.66,29023.0
202706,IM7,496885442,2025-01-27,97.675,97.735,97.665,97.68,25079.0
202706,IM7,496885442,2025-01-28,97.675,97.68,97.655,97.665,16734.0
202706,IM7,496885442,2025-01-29,97.68,97.7,97.625,97.65,25230.0
202706,IM7,496885442,2025-01-30,97.65,97.74,97.65,97.725,40237.0
202706,IM7,496885442,2025-01-31,97.72,97.815,97.7,97.815,45052.0
202706,IM7,496885442,2025-02-03,97.88,97.915,97.84,97.885,44915.0
202706,IM7,496885442,2025-02-04,97.855,97.89,97.835,97.88,22070.0
202706,IM7,496885442,2025-02-05,97.89,97.93,97.885,97.905,26513.0
202706,IM7,496885442,2025-02-06,97.895,97.91,97.86,97.895,20478.0
202706,IM7,496885442,2025-02-07,97.895,97.915,97.85,97.885,20925.0
202706,IM7,496885442,2025-02-10,97.905,97.935,97.895,97.925,15192.0
202706,IM7,496885442,2025-02-11,97.915,97.92,97.84,97.85,20069.0
202706,IM7,496885442,2025-02-12,97.85,97.85,97.775,97.775,22602.0
202706,IM7,496885442,2025-02-13,97.795,97.85,97.785,97.84,31864.0
202706,IM7,496885442,2025-02-14,97.84,97.84,97.78,97.81,23326.0
202706,IM7,496885442,2025-02-17,97.775,97.795,97.75,97.795,17187.0
202706,IM7,496885442,2025-02-18,97.78,97.8,97.76,97.795,24483.0
202706,IM7,496885442,2025-02-19,97.775,97.785,97.73,97.755,22910.0
202706,IM7,496885442,2025-02-20,97.75,97.775,97.735,97.77,16168.0
202706,IM7,496885442,2025-02-21,97.77,97.86,97.77,97.83,20970.0
202706,IM7,496885442,2025-02-24,97.82,97.855,97.81,97.845,28854.0
202706,IM7,496885442,2025-02-25,97.825,97.875,97.82,97.855,27778.0
202706,IM7,496885442,2025-02-26,97.86,97.905,97.835,97.875,20470.0
202706,IM7,496885442,2025-02-27,97.9,97.925,97.87,97.92,22438.0
202706,IM7,496885442,2025-02-28,97.93,97.97,97.925,97.945,32940.0
202706,IM7,496885442,2025-03-03,97.935,97.96,97.86,97.885,46453.0
202706,IM7,496885442,2025-03-04,97.935,97.975,97.81,97.945,65463.0
202706,IM7,496885442,2025-03-05,97.81,97.815,97.575,97.585,93974.0
202706,IM7,496885442,2025-03-06,97.56,97.61,97.465,97.52,112251.0
202706,IM7,496885442,2025-03-07,97.575,97.645,97.535,97.585,44921.0
202706,IM7,496885442,2025-03-10,97.54,97.65,97.54,97.62,27292.0
202706,IM7,496885442,2025-03-11,97.64,97.65,97.54,97.58,27502.0
202706,IM7,496885442,2025-03-12,97.555,97.595,97.53,97.56,25459.0
202706,IM7,496885442,2025-03-13,97.58,97.62,97.54,97.605,29277.0
202706,IM7,496885442,2025-03-14,97.61,97.625,97.545,97.565,24610.0
202706,IM7,496885442,2025-03-17,97.575,97.62,97.565,97.615,33665.0
202706,IM7,496885442,2025-03-18,97.595,97.64,97.57,97.625,24379.0
202706,IM7,496885442,2025-03-19,97.63,97.685,97.61,97.63,25142.0
202706,IM7,496885442,2025-03-20,97.67,97.68,97.64,97.645,21255.0
202706,IM7,496885442,2025-03-21,97.655,97.7,97.65,97.695,24276.0
202706,IM7,496885442,2025-03-24,97.69,97.695,97.65,97.675,23995.0
202706,IM7,496885442,2025-03-25,97.68,97.69,97.615,97.655,17641.0
202706,IM7,496885442,2025-03-26,97.65,97.71,97.645,97.665,16564.0
202706,IM7,496885442,2025-03-27,97.705,97.735,97.68,97.71,37672.0
202706,IM7,496885442,2025-03-28,97.72,97.77,97.715,97.755,19889.0
202706,IM7,496885442,2025-03-31,97.775,97.83,97.725,97.745,32622.0
202706,IM7,496885442,2025-04-01,97.745,97.815,97.735,97.775,24767.0
202706,IM7,496885442,2025-04-02,97.77,97.825,97.745,97.77,25027.0
202706,IM7,496885442,2025-04-03,97.82,97.905,97.82,97.895,56640.0
202706,IM7,496885442,2025-04-04,97.9,98.03,97.895,97.94,70897.0
202706,IM7,496885442,2025-04-07,98.03,98.07,97.845,97.915,68039.0
202706,IM7,496885442,2025-04-08,97.885,97.93,97.82,97.865,48338.0
202706,IM7,496885442,2025-04-09,97.93,97.945,97.7,97.925,68628.0
202706,IM7,496885442,2025-04-10,97.76,97.94,97.76,97.9,50298.0
202706,IM7,496885442,2025-04-11,97.875,97.945,97.835,97.885,52973.0
202706,IM7,496885442,2025-04-14,97.85,97.975,97.845,97.945,26031.0
202706,IM7,496885442,2025-04-15,97.96,97.98,97.935,97.945,28087.0
202706,IM7,496885442,2025-04-16,97.955,98.0,97.955,97.98,24640.0
202706,IM7,496885442,2025-04-17,97.985,98.04,97.93,98.015,45610.0
202706,IM7,496885442,2025-04-22,98.0,98.06,98.0,98.05,31059.0
202706,IM7,496885442,2025-04-23,98.035,98.05,97.97,97.99,38999.0
202706,IM7,496885442,2025-04-24,98.0,98.07,97.995,98.06,31214.0
202706,IM7,496885442,2025-04-25,98.065,98.065,98.02,98.025,20952.0
202706,IM7,496885442,2025-04-28,98.03,98.045,97.985,98.015,25540.0
202706,IM7,496885442,2025-04-29,98.005,98.035,97.995,98.005,26772.0
202706,IM7,496885442,2025-04-30,98.0,98.06,97.995,98.045,31398.0
202706,IM7,496885442,2025-05-02,98.045,98.045,97.96,97.985,23851.0
202706,IM7,496885442,2025-05-05,97.965,98.02,97.945,98.0,17968.0
202706,IM7,496885442,2025-05-06,97.99,98.01,97.97,98.005,19922.0
202706,IM7,496885442,2025-05-07,98.005,98.055,97.99,98.04,24247.0
202706,IM7,496885442,2025-05-08,98.045,98.045,97.965,98.005,24974.0
202706,IM7,496885442,2025-05-09,97.97,97.98,97.94,97.97,24574.0
202706,IM7,496885442,2025-05-12,97.94,97.945,97.83,97.845,50377.0
202706,IM7,496885442,2025-05-13,97.83,97.855,97.82,97.845,25500.0
202706,IM7,496885442,2025-05-14,97.82,97.86,97.795,97.83,35046.0
202706,IM7,496885442,2025-05-15,97.805,97.905,97.805,97.885,24704.0
202706,IM7,496885442,2025-05-16,97.905,97.94,97.9,97.925,36329.0
202706,IM7,496885442,2025-05-19,97.92,97.95,97.87,97.94,32710.0
202706,IM7,496885442,2025-05-20,97.945,97.965,97.905,97.925,21513.0
202706,IM7,496885442,2025-05-21,97.93,97.935,97.885,97.9,18437.0
202706,IM7,496885442,2025-05-22,97.885,97.93,97.875,97.92,27373.0
202706,IM7,496885442,2025-05-23,97.925,98.03,97.91,97.975,35516.0
202706,IM7,496885442,2025-05-26,97.925,97.98,97.92,97.965,9897.0
202706,IM7,496885442,2025-05-27,97.975,98.01,97.97,97.985,21011.0
202706,IM7,496885442,2025-05-28,97.98,97.995,97.96,97.98,18255.0
202706,IM7,496885442,2025-05-29,97.98,98.015,97.94,98.005,16586.0
202706,IM7,496885442,2025-05-30,98.01,98.02,97.98,97.995,15480.0
202706,IM7,496885442,2025-06-02,98.005,98.02,97.975,98.015,21422.0
202706,IM7,496885442,2025-06-03,98.02,98.055,98.02,98.04,37727.0
202706,IM7,496885442,2025-06-04,98.045,98.055,97.995,98.005,30635.0
202706,IM7,496885442,2025-06-05,98.015,98.05,97.92,97.925,53026.0
202706,IM7,496885442,2025-06-06,97.925,97.97,97.915,97.925,28840.0
202706,IM7,496885442,2025-06-09,97.915,97.975,97.915,97.93,25037.0
202706,IM7,496885442,2025-06-10,97.94,97.975,97.935,97.96,29085.0
202706,IM7,496885442,2025-06-11,97.97,97.99,97.95,97.975,33141.0
202706,IM7,496885442,2025-06-12,97.975,98.025,97.975,98.005,32011.0
202706,IM7,496885442,2025-06-13,98.01,98.045,97.945,97.96,39154.0
202706,IM7,496885442,2025-06-16,97.945,97.995,97.915,97.98,54288.0
202706,IM7,496885442,2025-06-17,97.97,98.0,97.955,97.97,38218.0
202706,IM7,496885442,2025-06-18,97.98,98.01,97.96,97.995,30655.0
202706,IM7,496885442,2025-06-19,97.99,98.0,97.96,97.97,20460.0
202706,IM7,496885442,2025-06-20,97.985,98.005,97.955,97.97,20516.0
202706,IM7,496885442,2025-06-23,97.96,98.005,97.925,97.99,31527.0
202706,IM7,496885442,2025-06-24,97.985,98.015,97.97,98.0,35717.0
202706,IM7,496885442,2025-06-25,97.995,98.025,97.96,97.975,26629.0
202706,IM7,496885442,2025-06-26,97.985,98.01,97.985,97.995,25504.0
202706,IM7,496885442,2025-06-27,97.985,98.0,97.945,97.95,37316.0
202706,IM7,496885442,2025-06-30,97.965,97.985,97.935,97.955,43197.0
202706,IM7,496885442,2025-07-01,97.945,97.99,97.945,97.965,37801.0
202706,IM7,496885442,2025-07-02,97.965,97.97,97.92,97.935,30751.0
202706,IM7,496885442,2025-07-03,97.935,97.97,97.93,97.955,33200.0
202706,IM7,496885442,2025-07-04,97.96,98.0,97.96,97.98,17417.0
202706,IM7,496885442,2025-07-07,97.99,97.99,97.95,97.955,20004.0
202706,IM7,496885442,2025-07-08,97.95,97.955,97.9,97.925,32477.0
202706,IM7,496885442,2025-07-09,97.925,97.955,97.91,97.945,21155.0
202706,IM7,496885442,2025-07-10,97.955,97.96,97.905,97.91,23174.0
202706,IM7,496885442,2025-07-11,97.91,97.935,97.87,97.88,42899.0
202706,IM7,496885442,2025-07-14,97.895,97.91,97.885,97.9,39277.0
202706,IM7,496885442,2025-07-15,97.905,97.945,97.895,97.92,39446.0
202706,IM7,496885442,2025-07-16,97.925,97.97,97.9,97.95,32973.0
202706,IM7,496885442,2025-07-17,97.96,97.965,97.935,97.955,27824.0
202706,IM7,496885442,2025-07-18,97.94,97.96,97.915,97.93,24700.0
202706,IM7,496885442,2025-07-21,97.955,98.005,97.955,98.0,27557.0
202706,IM7,496885442,2025-07-22,97.995,98.02,97.985,98.015,36711.0
202706,IM7,496885442,2025-07-23,98.005,98.025,97.935,98.02,31349.0
202706,IM7,496885442,2025-07-24,97.955,97.965,97.885,97.905,61487.0
202706,IM7,496885442,2025-07-25,97.89,97.895,97.825,97.86,56542.0
202706,IM7,496885442,2025-07-28,97.855,97.91,97.84,97.905,34998.0
202706,IM7,496885442,2025-07-29,97.905,97.905,97.87,97.89,21918.0
202706,IM7,496885442,2025-07-30,97.89,97.895,97.85,97.87,28556.0
202706,IM7,496885442,2025-07-31,97.85,97.875,97.84,97.86,29257.0
202706,IM7,496885442,2025-08-01,97.85,97.94,97.83,97.905,43760.0
202706,IM7,496885442,2025-08-04,97.915,97.945,97.885,97.93,24523.0
202706,IM7,496885442,2025-08-05,97.945,97.95,97.92,97.94,23939.0
202706,IM7,496885442,2025-08-06,97.945,97.945,97.91,97.935,21128.0
202706,IM7,496885442,2025-08-07,97.93,97.95,97.91,97.925,21242.0
202706,IM7,496885442,2025-08-08,97.92,97.925,97.875,97.88,21913.0
202706,IM7,496885442,2025-08-11,97.88,97.905,97.875,97.885,16407.0
202706,IM7,496885442,2025-08-12,97.885,97.9,97.855,97.875,26135.0
202706,IM7,496885442,2025-08-13,97.88,97.94,97.875,97.935,21823.0
202706,IM7,496885442,2025-08-14,97.935,97.95,97.905,97.91,22241.0
202706,IM7,496885442,2025-08-15,97.915,97.92,97.86,97.875,28310.0
202706,IM7,496885442,2025-08-18,97.87,97.9,97.865,97.885,22516.0
202706,IM7,496885442,2025-08-19,97.89,97.91,97.88,97.905,25736.0
202706,IM7,496885442,2025-08-20,97.91,97.94,97.895,97.935,22169.0
202706,IM7,496885442,2025-08-21,97.93,97.94,97.87,97.88,34455.0
202706,IM7,496885442,2025-08-22,97.885,97.925,97.865,97.92,28839.0
202706,IM7,496885442,2025-08-25,97.915,97.92,97.865,97.88,20111.0
202706,IM7,496885442,2025-08-26,97.89,97.93,97.89,97.915,27674.0
202706,IM7,496885442,2025-08-27,97.925,97.975,97.915,97.97,36503.0
202706,IM7,496885442,2025-08-28,97.965,97.98,97.94,97.95,28346.0
202706,IM7,496885442,2025-08-29,97.955,97.96,97.94,97.95,38434.0
202706,IM7,496885442,2025-09-01,97.96,97.96,97.925,97.93,38385.0
202706,IM7,496885442,2025-09-02,97.935,97.94,97.89,97.905,49767.0
202706,IM7,496885442,2025-09-03,97.9,97.935,97.895,97.93,48276.0
202706,IM7,496885442,2025-09-04,97.935,97.955,97.93,97.935,36104.0
202706,IM7,496885442,2025-09-05,97.93,97.99,97.93,97.985,41598.0
202706,IM7,496885442,2025-09-08,97.965,97.995,97.955,97.995,27826.0
202706,IM7,496885442,2025-09-09,97.98,97.985,97.96,97.965,28344.0
202706,IM7,496885442,2025-09-10,97.97,97.985,97.945,97.95,26299.0
202706,IM7,496885442,2025-09-11,97.955,97.975,97.91,97.915,49488.0
202706,IM7,496885442,2025-09-12,97.91,97.91,97.86,97.875,42221.0
202706,IM7,496885442,2025-09-15,97.88,97.895,97.87,97.88,26235.0
202706,IM7,496885442,2025-09-16,97.875,97.895,97.865,97.885,30697.0
202706,IM7,496885442,2025-09-17,97.885,97.905,97.87,97.88,32347.0
202706,IM7,496885442,2025-09-18,97.875,97.905,97.87,97.875,29582.0
202706,IM7,496885442,2025-09-19,97.875,97.875,97.85,97.86,25771.0
202706,IM7,496885442,2025-09-22,97.85,97.88,97.845,97.875,20158.0
202706,IM7,496885442,2025-09-23,97.875,97.885,97.85,97.85,29715.0
202706,IM7,496885442,2025-09-24,97.86,97.865,97.845,97.855,19620.0
202706,IM7,496885442,2025-09-25,97.855,97.86,97.81,97.825,34878.0
202706,IM7,496885442,2025-09-26,97.815,97.845,97.81,97.835,39401.0
202706,IM7,496885442,2025-09-29,97.84,97.855,97.835,97.855,21674.0
202706,IM7,496885442,2025-09-30,97.855,97.87,97.84,97.855,30072.0
202706,IM7,496885442,2025-10-01,97.855,97.89,97.835,97.875,31485.0
202706,IM7,496885442,2025-10-02,97.875,97.895,97.86,97.87,28234.0
202706,IM7,496885442,2025-10-03,97.88,97.885,97.865,97.87,23908.0
202706,IM7,496885442,2025-10-06,97.865,97.895,97.855,97.88,32659.0
202706,IM7,496885442,2025-10-07,97.88,97.885,97.86,97.875,18308.0
202706,IM7,496885442,2025-10-08,97.875,97.92,97.875,97.91,48626.0
202706,IM7,496885442,2025-10-09,97.915,97.915,97.89,97.895,26829.0
202706,IM7,496885442,2025-10-10,97.895,97.955,97.89,97.94,66663.0
202706,IM7,496885442,2025-10-13,97.945,97.98,97.93,97.97,47253.0
202706,IM7,496885442,2025-10-14,97.97,98.02,97.97,97.985,54081.0
202706,IM7,496885442,2025-10-15,97.995,98.03,97.985,98.025,49983.0
202706,IM7,496885442,2025-10-16,98.01,98.08,98.01,98.025,51720.0
202706,IM7,496885442,2025-10-17,98.065,98.085,98.015,98.03,63835.0
202706,IM7,496885442,2025-10-20,98.02,98.025,98.01,98.015,31174.0
202706,IM7,496885442,2025-10-21,98.015,98.035,98.01,98.03,25175.0
202706,IM7,496885442,2025-10-22,98.03,98.05,98.01,98.02,30947.0
202706,IM7,496885442,2025-10-23,98.025,98.025,97.995,98.005,28262.0
202706,IM7,496885442,2025-10-24,97.995,98.015,97.945,97.95,53307.0
202706,IM7,496885442,2025-10-27,97.945,97.955,97.935,97.945,33766.0
202706,IM7,496885442,2025-10-28,97.955,97.965,97.935,97.945,26769.0
202706,IM7,496885442,2025-10-29,97.945,97.96,97.915,97.955,26587.0
202706,IM7,496885442,2025-10-30,97.915,97.935,97.9,97.925,53545.0
202706,IM7,496885442,2025-10-31,97.93,97.95,97.915,97.945,38852.0
202706,IM7,496885442,2025-11-03,97.95,97.95,97.9,97.91,28737.0
202706,IM7,496885442,2025-11-04,97.91,97.935,97.91,97.925,28907.0
202706,IM7,496885442,2025-11-05,97.93,97.94,97.905,97.91,33807.0
202706,IM7,496885442,2025-11-06,97.915,97.93,97.91,97.92,25177.0
202706,IM7,496885442,2025-11-07,97.915,97.935,97.905,97.925,35893.0
202706,IM7,496885442,2025-11-10,97.915,97.925,97.905,97.92,28201.0
202706,IM7,496885442,2025-11-11,97.91,97.93,97.905,97.925,22035.0
202706,IM7,496885442,2025-11-12,97.915,97.93,97.905,97.92,33724.0
202706,IM7,496885442,2025-11-13,97.915,97.915,97.88,97.885,43929.0
202706,IM7,496885442,2025-11-14,97.885,97.895,97.855,97.865,47302.0
202706,IM7,496885442,2025-11-17,97.86,97.875,97.85,97.855,35439.0
202706,IM7,496885442,2025-11-18,97.855,97.895,97.855,97.875,38660.0
202706,IM7,496885442,2025-11-19,97.875,97.905,97.87,97.88,40833.0
202706,IM7,496885442,2025-11-20,97.87,97.895,97.86,97.89,33676.0
202706,IM7,496885442,2025-11-21,97.89,97.935,97.89,97.915,36946.0
202706,IM7,496885442,2025-11-24,97.91,97.92,97.89,97.905,25607.0
202706,IM7,496885442,2025-11-25,97.91,97.92,97.9,97.91,26178.0
202706,IM7,496885442,2025-11-26,97.915,97.93,97.905,97.91,33080.0
202706,IM7,496885442,2025-11-27,97.915,97.92,97.9,97.905,20823.0
202706,IM7,496885442,2025-11-28,97.9,97.905,97.885,97.895,20380.0
202706,IM7,496885442,2025-12-01,97.895,97.9,97.855,97.865,66617.0
202706,IM7,496885442,2025-12-02,97.86,97.88,97.85,97.87,46529.0
202706,IM7,496885442,2025-12-03,97.88,97.89,97.865,97.875,28063.0
202706,IM7,496885442,2025-12-04,97.875,97.875,97.85,97.855,24636.0
202706,IM7,496885442,2025-12-05,97.855,97.86,97.795,97.815,54979.0
202706,IM7,496885442,2025-12-08,97.8,97.8,97.685,97.69,105526.0
202706,IM7,496885442,2025-12-09,97.705,97.73,97.67,97.715,94581.0
202706,IM7,496885442,2025-12-10,97.705,97.72,97.63,97.685,109510.0
202706,IM7,496885442,2025-12-11,97.72,97.73,97.695,97.705,51241.0
202706,IM7,496885442,2025-12-12,97.7,97.715,97.68,97.71,38382.0
202706,IM7,496885442,2025-12-15,97.715,97.73,97.71,97.72,31146.0
202706,IM7,496885442,2025-12-16,97.715,97.745,97.71,97.73,48489.0
202706,IM7,496885442,2025-12-17,97.74,97.76,97.725,97.73,32860.0
202706,IM7,496885442,2025-12-18,97.735,97.76,97.69,97.74,81701.0
202706,IM7,496885442,2025-12-19,97.74,97.745,97.705,97.715,37407.0
202706,IM7,496885442,2025-12-22,97.7,97.72,97.69,97.7,35595.0
202706,IM7,496885442,2025-12-23,97.71,97.735,97.705,97.725,27656.0
202706,IM7,496885442,2025-12-24,97.725,97.74,97.715,97.73,3161.0
202706,IM7,496885442,2025-12-29,97.735,97.77,97.72,97.765,31249.0
202706,IM7,496885442,2025-12-30,97.765,97.77,97.75,97.76,21101.0
202706,IM7,496885442,2025-12-31,97.76,97.765,97.755,97.76,8358.0
202706,IM7,496885442,2026-01-02,97.755,97.765,97.73,97.745,26805.0
202706,IM7,496885442,2026-01-05,97.74,97.76,97.735,97.755,26941.0
202706,IM7,496885442,2026-01-06,97.755,97.805,97.74,97.795,78821.0
202706,IM7,496885442,2026-01-07,97.8,97.835,97.8,97.83,75254.0
202706,IM7,496885442,2026-01-08,97.82,97.835,97.8,97.81,53238.0
202706,IM7,496885442,2026-01-09,97.81,97.82,97.775,97.805,61089.0
202706,IM7,496885442,2026-01-12,97.785,97.82,97.78,97.815,35477.0
202706,IM7,496885442,2026-01-13,97.815,97.82,97.79,97.82,49371.0
202706,IM7,496885442,2026-01-14,97.815,97.84,97.805,97.835,51694.0
202706,IM7,496885442,2026-01-15,97.825,97.83,97.8,97.805,47154.0
202706,IM7,496885442,2026-01-16,97.805,97.81,97.775,97.78,56321.0
202706,IM7,496885442,2026-01-19,97.785,97.835,97.785,97.815,54442.0
202706,IM7,496885442,2026-01-20,97.81,97.845,97.8,97.83,70494.0
202706,IM7,496885442,2026-01-21,97.845,97.86,97.775,97.81,87409.0
202706,IM7,496885442,2026-01-22,97.785,97.815,97.775,97.79,39246.0
202706,IM7,496885442,2026-01-23,97.785,97.79,97.75,97.76,52320.0
202706,IM7,496885442,2026-01-26,97.765,97.795,97.765,97.79,45656.0
202706,IM7,496885442,2026-01-27,97.79,97.815,97.775,97.805,59261.0
202706,IM7,496885442,2026-01-28,97.81,97.855,97.81,97.84,104580.0
202706,IM7,496885442,2026-01-29,97.84,97.88,97.835,97.87,58401.0
202706,IM7,496885442,2026-01-30,97.86,97.875,97.845,97.855,68230.0
202706,IM7,496885442,2026-02-02,97.85,97.865,97.815,97.825,39237.0
202706,IM7,496885442,2026-02-03,97.82,97.825,97.8,97.815,44631.0
202706,IM7,496885442,2026-02-04,97.82,97.855,97.81,97.84,38264.0
202706,IM7,496885442,2026-02-05,97.84,97.865,97.83,97.855,69356.0
202706,IM7,496885442,2026-02-06,97.86,97.885,97.855,97.865,45973.0
202706,IM7,496885442,2026-02-09,97.86,97.895,97.845,97.89,52373.0
202706,IM7,496885442,2026-02-10,97.89,97.905,97.88,97.9,42463.0
202706,IM7,496885442,2026-02-11,97.9,97.91,97.87,97.895,51663.0
202706,IM7,496885442,2026-02-12,97.885,97.925,97.885,97.91,45424.0
202706,IM7,496885442,2026-02-13,97.92,97.955,97.915,97.94,70841.0
202706,IM7,496885442,2026-02-16,97.93,97.95,97.93,97.94,35537.0
202706,IM7,496885442,2026-02-17,97.945,97.965,97.935,97.95,66348.0
202706,IM7,496885442,2026-02-18,97.94,97.95,97.92,97.935,58632.0
202706,IM7,496885442,2026-02-19,97.93,97.93,97.91,97.925,47370.0
202706,IM7,496885442,2026-02-20,97.93,97.935,97.905,97.91,31812.0
202706,IM7,496885442,2026-02-23,97.93,97.95,97.915,97.945,53281.0
202706,IM7,496885442,2026-02-24,97.945,97.955,97.93,97.935,55995.0
202706,IM7,496885442,2026-02-25,97.94,97.94,97.925,97.93,33103.0
202706,IM7,496885442,2026-02-26,97.935,97.955,97.93,97.94,28892.0
202706,IM7,496885442,2026-02-27,97.945,98.0,97.94,97.98,75198.0
202706,IM7,496885442,2026-03-02,98.0,98.01,97.85,97.88,134970.0
202706,IM7,496885442,2026-03-03,97.85,97.85,97.65,97.75,295878.0
202706,IM7,496885442,2026-03-04,97.81,97.835,97.73,97.83,161472.0
202706,IM7,496885442,2026-03-05,97.805,97.805,97.645,97.68,213654.0
202706,IM7,496885442,2026-03-06,97.7,97.715,97.455,97.56,323477.0
202706,IM7,496885442,2026-03-09,97.41,97.655,97.24,97.51,325090.0
202706,IM7,496885442,2026-03-10,97.63,97.7,97.54,97.65,205084.0
202706,IM7,496885442,2026-03-11,97.575,97.62,97.42,97.455,218627.0
202706,IM7,496885442,2026-03-12,97.41,97.49,97.35,97.41,148069.0
202706,IM7,496885442,2026-03-13,97.375,97.475,97.335,97.395,139152.0
202706,IM7,496885442,2026-03-16,97.38,97.485,97.375,97.44,99215.0
202706,IM7,496885442,2026-03-17,97.465,97.5,97.42,97.47,114237.0
202706,IM7,496885442,2026-03-18,97.465,97.515,97.295,97.38,170140.0
202706,IM7,496885442,2026-03-19,97.285,97.345,97.125,97.25,286953.0
202706,IM7,496885442,2026-03-20,97.29,97.33,97.055,97.135,212723.0
202706,IM7,496885442,2026-03-23,97.05,97.34,96.96,97.22,279602.0
202706,IM7,496885442,2026-03-24,97.22,97.265,97.06,97.135,155113.0
202706,IM7,496885442,2026-03-25,97.215,97.26,97.16,97.2,123709.0
202706,IM7,496885442,2026-03-26,97.155,97.16,97.01,97.075,129108.0
202706,IM7,496885442,2026-03-27,97.03,97.09,96.94,97.04,129392.0
202706,IM7,496885442,2026-03-30,97.055,97.165,97.05,97.15,80150.0
202706,IM7,496885442,2026-03-31,97.13,97.275,97.115,97.17,118181.0
202706,IM7,496885442,2026-04-01,97.24,97.315,97.195,97.22,116233.0
202706,IM7,496885442,2026-04-02,97.215,97.235,97.12,97.2,88679.0
202706,IM7,496885442,2026-04-07,97.19,97.205,97.045,97.05,117585.0
202706,IM7,496885442,2026-04-08,97.295,97.43,97.295,97.39,203507.0
202706,IM7,496885442,2026-04-09,97.345,97.365,97.275,97.285,124881.0
202706,IM7,496885442,2026-04-10,97.325,97.33,97.24,97.28,89868.0
202706,IM7,496885442,2026-04-13,97.18,97.26,97.18,97.2,98779.0
202706,IM7,496885442,2026-04-14,97.26,97.35,97.25,97.32,79869.0
202706,IM7,496885442,2026-04-15,97.35,97.37,97.31,97.33,72694.0
202706,IM7,496885442,2026-04-16,97.35,97.395,97.305,97.345,87465.0
202706,IM7,496885442,2026-04-17,97.3,97.515,97.3,97.47,146573.0
202706,IM7,496885442,2026-04-20,97.42,97.46,97.4,97.43,71985.0
202706,IM7,496885442,2026-04-21,97.435,97.45,97.275,97.36,88300.0
202706,IM7,496885442,2026-04-22,97.29,97.375,97.28,97.31,102258.0
202706,IM7,496885442,2026-04-23,97.3,97.32,97.18,97.295,106093.0
202706,IM7,496885442,2026-04-24,97.225,97.325,97.215,97.285,76867.0
202706,IM7,496885442,2026-04-27,97.28,97.32,97.245,97.27,49100.0
202706,IM7,496885442,2026-04-28,97.26,97.26,97.15,97.2,125300.0
202706,IM7,496885442,2026-04-29,97.17,97.195,97.03,97.1,134113.0
202706,IM7,496885442,2026-04-30,97.055,97.205,97.03,97.17,139374.0
202706,IM7,496885442,2026-05-04,97.175,97.195,97.04,97.105,62206.0
202706,IM7,496885442,2026-05-05,97.075,97.14,97.07,97.115,67358.0
202706,IM7,496885442,2026-05-06,97.14,97.365,97.13,97.29,161156.0
202706,IM7,496885442,2026-05-07,97.285,97.36,97.215,97.29,112693.0
202706,IM7,496885442,2026-05-08,97.24,97.285,97.235,97.26,68671.0
202706,IM7,496885442,2026-05-11,97.25,97.26,97.16,97.175,74026.0
202706,IM7,496885442,2026-05-12,97.165,97.165,97.09,97.11,94645.0
202706,IM7,496885442,2026-05-13,97.1,97.14,97.09,97.1,74889.0
202706,IM7,496885442,2026-05-14,97.125,97.19,97.115,97.165,69229.0
202706,IM7,496885442,2026-05-15,97.14,97.14,97.05,97.075,95309.0
202706,IM7,496885442,2026-05-18,97.04,97.145,97.025,97.09,114256.0
202706,IM7,496885442,2026-05-19,97.12,97.14,97.035,97.05,71712.0
202706,IM7,496885442,2026-05-20,97.05,97.235,97.05,97.165,139477.0
202706,IM7,496885442,2026-05-21,97.185,97.23,97.115,97.14,165170.0
202706,IM7,496885442,2026-05-22,97.21,97.24,97.17,97.195,79073.0
202706,IM7,496885442,2026-05-25,97.25,97.355,97.24,97.34,50115.0
202706,IM7,496885442,2026-05-26,97.34,97.34,97.255,97.265,89124.0
202706,IM7,496885442,2026-05-27,97.295,97.34,97.27,97.295,93256.0
202706,IM7,496885442,2026-05-28,97.285,97.375,97.235,97.335,95199.0
202706,IM7,496885442,2026-05-29,97.335,97.375,97.315,97.355,87711.0
202706,IM7,496885442,2026-06-01,97.33,97.335,97.205,97.215,147259.0
202706,IM7,496885442,2026-06-02,97.27,97.3,97.225,97.245,78309.0
202706,IM7,496885442,2026-06-03,97.235,97.24,97.16,97.175,86729.0
202706,IM7,496885442,2026-06-04,97.175,97.22,97.17,97.2,87500.0
202706,IM7,496885442,2026-06-05,97.21,97.23,97.145,97.17,84511.0
202706,IM7,496885442,2026-06-08,97.16,97.185,97.115,97.155,110739.0
202706,IM7,496885442,2026-06-09,97.15,97.21,97.135,97.185,93127.0
202706,IM7,496885442,2026-06-10,97.18,97.195,97.115,97.15,91109.0
202706,IM7,496885442,2026-06-11,97.125,97.3,97.12,97.21,158472.0
202706,IM7,496885442,2026-06-12,97.275,97.32,97.24,97.265,150056.0
202706,IM7,496885442,2026-06-15,97.37,97.37,97.315,97.33,80319.0
202706,IM7,496885442,2026-06-16,97.32,97.36,97.31,97.315,67155.0
202706,IM7,496885442,2026-06-17,97.33,97.355,97.24,97.31,61037.0
202706,IM7,496885442,2026-06-18,97.235,97.31,97.225,97.3,73797.0
202706,IM7,496885442,2026-06-19,97.265,97.275,97.23,97.245,50983.0
202706,IM7,496885442,2026-06-22,97.23,97.33,97.23,97.31,66084.0
202706,IM7,496885442,2026-06-23,97.295,97.35,97.295,97.33,67587.0
202706,IM7,496885442,2026-06-24,97.325,97.375,97.31,97.36,68312.0
202706,IM7,496885442,2026-06-25,97.355,97.4,97.34,97.38,70672.0
202706,IM7,496885442,2026-06-26,97.37,97.425,97.365,97.42,62833.0
202706,IM7,496885442,2026-06-29,97.395,97.405,97.365,97.385,48101.0
202706,IM7,496885442,2026-06-30,97.385,97.43,97.375,97.39,72488.0
202706,IM7,496885442,2026-07-01,97.385,97.43,97.37,97.42,75595.0
202706,IM7,496885442,2026-07-02,97.405,97.45,97.39,97.445,84821.0
202706,IM7,496885442,2026-07-03,97.425,97.445,97.39,97.4,40796.0
202706,IM7,496885442,2026-07-06,97.4,97.43,97.38,97.4,46515.0
202706,IM7,496885442,2026-07-07,97.385,97.39,97.275,97.34,76607.0
202706,IM7,496885442,2026-07-08,97.295,97.3,97.155,97.19,219530.0
202706,IM7,496885442,2026-07-09,97.19,97.26,97.19,97.245,79420.0
202706,IM7,496885442,2026-07-10,97.255,97.285,97.225,97.25,56425.0
202706,IM7,496885442,2026-07-13,97.235,97.235,97.105,97.175,83500.0
202706,IM7,496885442,2026-07-14,97.115,97.165,97.04,97.155,170850.0
202706,IM7,496885442,2026-07-15,97.125,97.16,97.105,97.15,88553.0
202706,IM7,496885442,2026-07-16,97.14,97.145,97.075,97.105,71992.0
202706,IM7,496885442,2026-07-17,97.105,97.13,97.04,97.085,94120.0
202706,IM7,496885442,2026-07-20,97.03,97.11,97.0,97.08,93162.0
202706,IM7,496885442,2026-07-21,97.07,97.1,97.04,97.05,62491.0
202706,IM7,496885442,2026-07-22,97.03,97.055,96.98,96.99,96934.0
202706,IM7,496885442,2026-07-23,96.98,96.98,96.905,96.93,123634.0
202706,IM7,496885442,2026-07-24,96.935,97.025,96.925,97.0,84486.0
202706,IM7,496885442,2026-07-27,97.04,97.095,97.04,97.075,78329.0
202706,IM7,496885442,2026-07-28,97.07,97.135,97.07,97.11,70702.0
202706,IM7,496885442,2026-07-29,97.105,97.11,97.025,97.045,81542.0
202706,IM7,496885442,2026-07-30,97.05,97.115,97.035,97.08,56990.0
202706,IM7,496885442,2026-07-31,97.095,97.12,97.02,97.045,69472.0
202706,IM7,496885442,2026-08-03,97.095,97.12,97.08,97.1,64275.0
202706,IM7,496885442,2026-08-04,97.1,97.19,97.075,97.155,89159.0
202706,IM7,496885442,2026-08-05,97.185,97.2,97.14,97.165,82952.0
202706,IM7,496885442,2026-08-06,97.175,97.175,97.1,97.145,51525.0
202706,IM7,496885442,2026-08-07,97.105,97.17,97.1,97.14,61487.0
202706,IM7,496885442,2026-08-10,97.145,97.145,97.06,97.085,54782.0
202706,IM7,496885442,2026-08-11,97.065,97.11,97.045,97.1,51594.0
202706,IM7,496885442,2026-08-12,97.085,97.125,97.07,97.095,59873.0
202706,IM7,496885442,2026-08-13,97.075,97.13,97.075,97.12,51041.0
202706,IM7,496885442,2026-08-14,97.12,97.12,97.065,97.08,59777.0
202706,IM7,496885442,2026-08-17,97.075,97.1,97.06,97.085,54126.0
202706,IM7,496885442,2026-08-18,97.065,97.065,97.01,97.025,57588.0
202706,IM7,496885442,2026-08-19,97.02,97.04,96.995,97.0,59016.0
202706,IM7,496885442,2026-08-20,97.01,97.04,96.98,97.03,64542.0
202706,IM7,496885442,2026-08-21,97.03,97.07,97.02,97.04,52893.0
202706,IM7,496885442,2026-08-24,97.03,97.055,96.985,96.99,75595.0
202706,IM7,496885442,2026-08-25,97.0,97.13,96.98,97.055,102185.0
202706,IM7,496885442,2026-08-26,97.125,97.125,97.015,97.045,105339.0
202706,IM7,496885442,2026-08-27,97.04,97.055,96.995,97.02,51036.0
202706,IM7,496885442,2026-08-28,97.0,97.03,96.955,96.97,86141.0
202706,IM7,496885442,2026-08-31,96.965,96.98,96.92,96.935,82163.0
202706,IM7,496885442,2026-09-01,96.925,96.93,96.82,96.905,146924.0
202706,IM7,496885442,2026-09-02,96.82,96.865,96.805,96.845,126538.0
202706,IM7,496885442,2026-09-03,96.86,96.915,96.855,96.89,85691.0
202706,IM7,496885442,2026-09-04,96.885,96.925,96.86,96.905,71169.0
202706,IM7,496885442,2026-09-07,96.89,96.9,96.84,96.855,42880.0
202706,IM7,496885442,2026-09-08,96.855,96.875,96.83,96.865,82931.0
202706,IM7,496885442,2026-09-09,96.85,96.855,96.76,96.78,148902.0
202706,IM7,496885442,2026-09-10,96.77,96.815,96.485,96.555,406263.0
202706,IM7,496885442,2026-09-11,96.485,96.615,96.475,96.565,235808.0
202706,IM7,496885442,2026-09-14,96.565,96.575,96.39,96.445,226902.0
202706,IM7,496885442,2026-09-15,96.485,96.54,96.44,96.52,158133.0
202706,IM7,496885442,2026-09-16,96.495,96.595,96.475,96.57,173758.0
202706,IM7,496885442,2026-09-17,96.51,96.58,96.505,96.55,90481.0
202706,IM7,496885442,2026-09-18,96.53,96.55,96.455,96.46,147147.0
202706,IM7,496885442,2026-09-21,96.475,96.58,96.475,96.57,111436.0
202706,IM7,496885442,2026-09-22,96.555,96.61,96.51,96.565,151726.0
202706,IM7,496885442,2026-09-23,96.59,96.61,96.365,96.45,225307.0
202706,IM7,496885442,2026-09-24,96.42,96.495,96.395,96.42,214396.0
202706,IM7,496885442,2026-09-25,96.445,96.495,96.445,96.485,9840.0
202709,IU7,514365267,2024-09-26,97.875,97.92,97.86,97.875,20532.0
202709,IU7,514365267,2024-09-27,97.875,97.93,97.855,97.9,22952.0
202709,IU7,514365267,2024-09-30,97.91,97.93,97.86,97.91,17959.0
202709,IU7,514365267,2024-10-01,97.915,98.025,97.91,97.99,22732.0
202709,IU7,514365267,2024-10-02,97.99,98.01,97.93,97.94,19943.0
202709,IU7,514365267,2024-10-03,97.93,97.94,97.875,97.895,15138.0
202709,IU7,514365267,2024-10-04,97.88,97.885,97.78,97.8,26688.0
202709,IU7,514365267,2024-10-07,97.775,97.795,97.73,97.74,23252.0
202709,IU7,514365267,2024-10-08,97.755,97.775,97.74,97.755,20480.0
202709,IU7,514365267,2024-10-09,97.775,97.795,97.73,97.75,12067.0
202709,IU7,514365267,2024-10-10,97.73,97.77,97.69,97.745,18234.0
202709,IU7,514365267,2024-10-11,97.775,97.79,97.725,97.755,15794.0
202709,IU7,514365267,2024-10-14,97.785,97.79,97.765,97.77,9446.0
202709,IU7,514365267,2024-10-15,97.79,97.845,97.79,97.84,15407.0
202709,IU7,514365267,2024-10-16,97.83,97.89,97.83,97.88,16343.0
202709,IU7,514365267,2024-10-17,97.87,97.905,97.85,97.87,22866.0
202709,IU7,514365267,2024-10-18,97.88,97.915,97.85,97.91,16867.0
202709,IU7,514365267,2024-10-21,97.91,97.915,97.81,97.825,14653.0
202709,IU7,514365267,2024-10-22,97.805,97.83,97.775,97.795,21667.0
202709,IU7,514365267,2024-10-23,97.805,97.815,97.785,97.785,20896.0
202709,IU7,514365267,2024-10-24,97.785,97.86,97.78,97.855,18389.0
202709,IU7,514365267,2024-10-25,97.83,97.85,97.795,97.815,9173.0
202709,IU7,514365267,2024-10-28,97.775,97.87,97.76,97.83,19399.0
202709,IU7,514365267,2024-10-29,97.845,97.855,97.79,97.805,15780.0
202709,IU7,514365267,2024-10-30,97.835,97.84,97.685,97.73,30388.0
202709,IU7,514365267,2024-10-31,97.685,97.74,97.655,97.715,32872.0
202709,IU7,514365267,2024-11-01,97.72,97.78,97.695,97.725,25718.0
202709,IU7,514365267,2024-11-04,97.74,97.755,97.7,97.73,19732.0
202709,IU7,514365267,2024-11-05,97.72,97.725,97.665,97.68,20282.0
202709,IU7,514365267,2024-11-06,97.675,97.795,97.595,97.77,35762.0
202709,IU7,514365267,2024-11-07,97.77,97.795,97.71,97.77,29510.0
202709,IU7,514365267,2024-11-08,97.765,97.835,97.76,97.8,18631.0
202709,IU7,514365267,2024-11-11,97.81,97.875,97.805,97.87,14225.0
202709,IU7,514365267,2024-11-12,97.86,97.89,97.795,97.845,20713.0
202709,IU7,514365267,2024-11-13,97.8,97.825,97.76,97.8,25830.0
202709,IU7,514365267,2024-11-14,97.75,97.875,97.75,97.86,24002.0
202709,IU7,514365267,2024-11-15,97.85,97.88,97.82,97.86,17666.0
202709,IU7,514365267,2024-11-18,97.87,97.87,97.795,97.83,22882.0
202709,IU7,514365267,2024-11-19,97.84,97.905,97.815,97.84,23393.0
202709,IU7,514365267,2024-11-20,97.825,97.825,97.785,97.805,22143.0
202709,IU7,514365267,2024-11-21,97.795,97.845,97.785,97.825,26036.0
202709,IU7,514365267,2024-11-22,97.815,97.915,97.8,97.87,31454.0
202709,IU7,514365267,2024-11-25,97.88,97.935,97.865,97.915,24641.0
202709,IU7,514365267,2024-11-26,97.92,97.93,97.885,97.905,23540.0
202709,IU7,514365267,2024-11-27,97.91,97.94,97.895,97.92,26699.0
202709,IU7,514365267,2024-11-28,97.915,97.995,97.915,97.975,19370.0
202709,IU7,514365267,2024-11-29,97.99,98.055,97.985,98.035,23864.0
202709,IU7,514365267,2024-12-02,98.04,98.1,98.03,98.09,23898.0
202709,IU7,514365267,2024-12-03,98.095,98.11,98.07,98.09,20519.0
202709,IU7,514365267,2024-12-04,98.08,98.1,98.04,98.07,21112.0
202709,IU7,514365267,2024-12-05,98.09,98.095,98.01,98.015,20463.0
202709,IU7,514365267,2024-12-06,98.035,98.065,98.0,98.04,16848.0
202709,IU7,514365267,2024-12-09,98.065,98.085,98.045,98.05,12787.0
202709,IU7,514365267,2024-12-10,98.05,98.08,98.035,98.055,15510.0
202709,IU7,514365267,2024-12-11,98.05,98.1,98.045,98.06,15276.0
202709,IU7,514365267,2024-12-12,98.045,98.075,97.96,98.01,28328.0
202709,IU7,514365267,2024-12-13,97.975,97.995,97.915,97.94,21230.0
202709,IU7,514365267,2024-12-16,97.92,97.97,97.915,97.955,15237.0
202709,IU7,514365267,2024-12-17,97.96,97.97,97.92,97.945,21252.0
202709,IU7,514365267,2024-12-18,97.925,97.95,97.855,97.92,15871.0
202709,IU7,514365267,2024-12-19,97.86,97.89,97.83,97.85,23008.0
202709,IU7,514365267,2024-12-20,97.87,97.905,97.85,97.885,16873.0
202709,IU7,514365267,2024-12-23,97.87,97.875,97.825,97.835,15434.0
202709,IU7,514365267,2024-12-24,97.835,97.84,97.815,97.82,1523.0
202709,IU7,514365267,2024-12-27,97.835,97.845,97.76,97.785,15402.0
202709,IU7,514365267,2024-12-30,97.765,97.835,97.765,97.83,11113.0
202709,IU7,514365267,2024-12-31,97.835,97.85,97.825,97.83,1524.0
202709,IU7,514365267,2025-01-02,97.825,97.895,97.805,97.835,16369.0
202709,IU7,514365267,2025-01-03,97.84,97.85,97.76,97.77,18103.0
202709,IU7,514365267,2025-01-06,97.755,97.76,97.705,97.715,20641.0
202709,IU7,514365267,2025-01-07,97.725,97.745,97.705,97.72,24667.0
202709,IU7,514365267,2025-01-08,97.725,97.74,97.665,97.705,25566.0
202709,IU7,514365267,2025-01-09,97.695,97.7,97.65,97.665,21057.0
202709,IU7,514365267,2025-01-10,97.66,97.66,97.585,97.61,24841.0
202709,IU7,514365267,2025-01-13,97.58,97.59,97.545,97.58,27553.0
202709,IU7,514365267,2025-01-14,97.575,97.605,97.525,97.545,19801.0
202709,IU7,514365267,2025-01-15,97.54,97.685,97.53,97.67,33591.0
202709,IU7,514365267,2025-01-16,97.66,97.7,97.63,97.685,27382.0
202709,IU7,514365267,2025-01-17,97.685,97.725,97.68,97.71,19824.0
202709,IU7,514365267,2025-01-20,97.705,97.72,97.675,97.715,13848.0
202709,IU7,514365267,2025-01-21,97.715,97.735,97.685,97.715,18728.0
202709,IU7,514365267,2025-01-22,97.705,97.735,97.68,97.7,13096.0
202709,IU7,514365267,2025-01-23,97.69,97.7,97.655,97.67,18609.0
202709,IU7,514365267,2025-01-24,97.68,97.69,97.61,97.64,29375.0
202709,IU7,514365267,2025-01-27,97.66,97.71,97.65,97.66,15623.0
202709,IU7,514365267,2025-01-28,97.65,97.66,97.635,97.645,13461.0
202709,IU7,514365267,2025-01-29,97.66,97.68,97.6,97.63,17104.0
202709,IU7,514365267,2025-01-30,97.625,97.715,97.625,97.7,36084.0
202709,IU7,514365267,2025-01-31,97.695,97.79,97.68,97.785,36575.0
202709,IU7,514365267,2025-02-03,97.815,97.885,97.81,97.85,32938.0
202709,IU7,514365267,2025-02-04,97.82,97.86,97.8,97.85,16983.0
202709,IU7,514365267,2025-02-05,97.86,97.895,97.86,97.875,20224.0
202709,IU7,514365267,2025-02-06,97.865,97.885,97.835,97.87,17241.0
202709,IU7,514365267,2025-02-07,97.87,97.89,97.83,97.86,23141.0
202709,IU7,514365267,2025-02-10,97.88,97.905,97.865,97.895,13601.0
202709,IU7,514365267,2025-02-11,97.89,97.89,97.81,97.82,17200.0
202709,IU7,514365267,2025-02-12,97.82,97.82,97.745,97.745,16889.0
202709,IU7,514365267,2025-02-13,97.765,97.82,97.755,97.81,19884.0
202709,IU7,514365267,2025-02-14,97.815,97.815,97.755,97.78,17288.0
202709,IU7,514365267,2025-02-17,97.745,97.77,97.72,97.765,14753.0
202709,IU7,514365267,2025-02-18,97.755,97.77,97.73,97.765,16506.0
202709,IU7,514365267,2025-02-19,97.75,97.755,97.7,97.725,24440.0
202709,IU7,514365267,2025-02-20,97.725,97.745,97.705,97.74,16274.0
202709,IU7,514365267,2025-02-21,97.735,97.83,97.735,97.8,20965.0
202709,IU7,514365267,2025-02-24,97.795,97.825,97.78,97.815,20021.0
202709,IU7,514365267,2025-02-25,97.795,97.845,97.79,97.825,18717.0
202709,IU7,514365267,2025-02-26,97.825,97.875,97.805,97.845,17538.0
202709,IU7,514365267,2025-02-27,97.87,97.89,97.84,97.885,20809.0
202709,IU7,514365267,2025-02-28,97.905,97.935,97.895,97.91,24703.0
202709,IU7,514365267,2025-03-03,97.9,97.925,97.825,97.85,34731.0
202709,IU7,514365267,2025-03-04,97.895,97.94,97.77,97.905,42256.0
202709,IU7,514365267,2025-03-05,97.765,97.775,97.535,97.545,88327.0
202709,IU7,514365267,2025-03-06,97.52,97.56,97.415,97.47,88350.0
202709,IU7,514365267,2025-03-07,97.525,97.595,97.485,97.535,38928.0
202709,IU7,514365267,2025-03-10,97.49,97.6,97.49,97.57,23776.0
202709,IU7,514365267,2025-03-11,97.58,97.6,97.48,97.52,27366.0
202709,IU7,514365267,2025-03-12,97.495,97.53,97.47,97.505,19218.0
202709,IU7,514365267,2025-03-13,97.525,97.56,97.48,97.545,21448.0
202709,IU7,514365267,2025-03-14,97.55,97.56,97.48,97.505,26912.0
202709,IU7,514365267,2025-03-17,97.515,97.565,97.505,97.56,27415.0
202709,IU7,514365267,2025-03-18,97.54,97.58,97.515,97.565,25597.0
202709,IU7,514365267,2025-03-19,97.575,97.63,97.56,97.575,19440.0
202709,IU7,514365267,2025-03-20,97.62,97.625,97.585,97.59,23470.0
202709,IU7,514365267,2025-03-21,97.6,97.645,97.595,97.635,16961.0
202709,IU7,514365267,2025-03-24,97.63,97.64,97.59,97.615,20787.0
202709,IU7,514365267,2025-03-25,97.62,97.63,97.555,97.595,16040.0
202709,IU7,514365267,2025-03-26,97.59,97.65,97.585,97.605,19645.0
202709,IU7,514365267,2025-03-27,97.64,97.67,97.62,97.64,24992.0
202709,IU7,514365267,2025-03-28,97.655,97.7,97.65,97.685,20666.0
202709,IU7,514365267,2025-03-31,97.7,97.76,97.66,97.675,33174.0
202709,IU7,514365267,2025-04-01,97.68,97.75,97.67,97.71,22666.0
202709,IU7,514365267,2025-04-02,97.705,97.755,97.68,97.705,23628.0
202709,IU7,514365267,2025-04-03,97.775,97.835,97.75,97.825,47045.0
202709,IU7,514365267,2025-04-04,97.83,97.955,97.82,97.865,68653.0
202709,IU7,514365267,2025-04-07,97.955,98.0,97.765,97.835,53010.0
202709,IU7,514365267,2025-04-08,97.81,97.855,97.745,97.785,37781.0
202709,IU7,514365267,2025-04-09,97.825,97.85,97.625,97.835,53111.0
202709,IU7,514365267,2025-04-10,97.68,97.855,97.68,97.82,34936.0
202709,IU7,514365267,2025-04-11,97.79,97.865,97.75,97.8,43361.0
202709,IU7,514365267,2025-04-14,97.78,97.885,97.765,97.865,24321.0
202709,IU7,514365267,2025-04-15,97.875,97.895,97.855,97.86,21417.0
202709,IU7,514365267,2025-04-16,97.87,97.915,97.87,97.9,19592.0
202709,IU7,514365267,2025-04-17,97.9,97.955,97.855,97.93,34353.0
202709,IU7,514365267,2025-04-22,97.93,97.975,97.91,97.96,26585.0
202709,IU7,514365267,2025-04-23,97.955,97.965,97.895,97.91,37063.0
202709,IU7,514365267,2025-04-24,97.92,97.99,97.92,97.98,30386.0
202709,IU7,514365267,2025-04-25,97.985,97.985,97.945,97.95,18940.0
202709,IU7,514365267,2025-04-28,97.96,97.97,97.905,97.935,19351.0
202709,IU7,514365267,2025-04-29,97.93,97.955,97.92,97.925,21489.0
202709,IU7,514365267,2025-04-30,97.925,97.985,97.92,97.965,30838.0
202709,IU7,514365267,2025-05-02,97.97,97.97,97.885,97.91,20023.0
202709,IU7,514365267,2025-05-05,97.89,97.945,97.875,97.925,15373.0
202709,IU7,514365267,2025-05-06,97.915,97.935,97.895,97.93,16487.0
202709,IU7,514365267,2025-05-07,97.93,97.98,97.915,97.965,18991.0
202709,IU7,514365267,2025-05-08,97.97,97.97,97.895,97.93,17248.0
202709,IU7,514365267,2025-05-09,97.895,97.905,97.865,97.895,21218.0
202709,IU7,514365267,2025-05-12,97.875,97.875,97.765,97.78,42347.0
202709,IU7,514365267,2025-05-13,97.76,97.785,97.75,97.775,26437.0
202709,IU7,514365267,2025-05-14,97.755,97.79,97.725,97.755,24026.0
202709,IU7,514365267,2025-05-15,97.735,97.835,97.73,97.815,16490.0
202709,IU7,514365267,2025-05-16,97.835,97.87,97.83,97.855,21892.0
202709,IU7,514365267,2025-05-19,97.855,97.88,97.8,97.87,23892.0
202709,IU7,514365267,2025-05-20,97.875,97.895,97.835,97.855,20652.0
202709,IU7,514365267,2025-05-21,97.86,97.86,97.805,97.825,18958.0
202709,IU7,514365267,2025-05-22,97.805,97.85,97.795,97.835,22315.0
202709,IU7,514365267,2025-05-23,97.84,97.94,97.83,97.89,35418.0
202709,IU7,514365267,2025-05-26,97.835,97.895,97.835,97.885,12097.0
202709,IU7,514365267,2025-05-27,97.895,97.93,97.895,97.905,21005.0
202709,IU7,514365267,2025-05-28,97.905,97.915,97.88,97.905,19337.0
202709,IU7,514365267,2025-05-29,97.9,97.935,97.86,97.925,20105.0
202709,IU7,514365267,2025-05-30,97.93,97.945,97.905,97.92,18728.0
202709,IU7,514365267,2025-06-02,97.925,97.945,97.895,97.935,25427.0
202709,IU7,514365267,2025-06-03,97.94,97.975,97.94,97.96,30440.0
202709,IU7,514365267,2025-06-04,97.965,97.97,97.915,97.925,22831.0
202709,IU7,514365267,2025-06-05,97.935,97.97,97.845,97.85,54830.0
202709,IU7,514365267,2025-06-06,97.855,97.895,97.84,97.85,26115.0
202709,IU7,514365267,2025-06-09,97.845,97.905,97.84,97.855,14512.0
202709,IU7,514365267,2025-06-10,97.865,97.905,97.86,97.89,17876.0
202709,IU7,514365267,2025-06-11,97.895,97.92,97.88,97.905,19886.0
202709,IU7,514365267,2025-06-12,97.91,97.95,97.905,97.935,26357.0
202709,IU7,514365267,2025-06-13,97.94,97.975,97.87,97.885,28159.0
202709,IU7,514365267,2025-06-16,97.87,97.92,97.84,97.91,30048.0
202709,IU7,514365267,2025-06-17,97.895,97.93,97.885,97.9,21073.0
202709,IU7,514365267,2025-06-18,97.91,97.94,97.89,97.925,20456.0
202709,IU7,514365267,2025-06-19,97.92,97.93,97.89,97.9,16364.0
202709,IU7,514365267,2025-06-20,97.915,97.935,97.885,97.9,13745.0
202709,IU7,514365267,2025-06-23,97.89,97.935,97.855,97.92,24137.0
202709,IU7,514365267,2025-06-24,97.92,97.945,97.895,97.93,28720.0
202709,IU7,514365267,2025-06-25,97.92,97.955,97.885,97.9,22004.0
202709,IU7,514365267,2025-06-26,97.905,97.935,97.905,97.915,29221.0
202709,IU7,514365267,2025-06-27,97.905,97.92,97.87,97.875,24557.0
202709,IU7,514365267,2025-06-30,97.89,97.91,97.855,97.88,44284.0
202709,IU7,514365267,2025-07-01,97.865,97.915,97.865,97.885,29292.0
202709,IU7,514365267,2025-07-02,97.89,97.89,97.84,97.855,24597.0
202709,IU7,514365267,2025-07-03,97.855,97.89,97.845,97.875,25683.0
202709,IU7,514365267,2025-07-04,97.88,97.92,97.88,97.9,13018.0
202709,IU7,514365267,2025-07-07,97.905,97.91,97.865,97.87,18243.0
202709,IU7,514365267,2025-07-08,97.87,97.87,97.82,97.84,25617.0
202709,IU7,514365267,2025-07-09,97.845,97.875,97.83,97.865,21064.0
202709,IU7,514365267,2025-07-10,97.875,97.88,97.82,97.83,21870.0
202709,IU7,514365267,2025-07-11,97.83,97.85,97.79,97.8,31949.0
202709,IU7,514365267,2025-07-14,97.815,97.825,97.805,97.815,23984.0
202709,IU7,514365267,2025-07-15,97.82,97.865,97.81,97.835,24443.0
202709,IU7,514365267,2025-07-16,97.835,97.88,97.82,97.865,23478.0
202709,IU7,514365267,2025-07-17,97.875,97.88,97.85,97.875,16354.0
202709,IU7,514365267,2025-07-18,97.86,97.875,97.835,97.85,16825.0
202709,IU7,514365267,2025-07-21,97.875,97.925,97.87,97.92,22693.0
202709,IU7,514365267,2025-07-22,97.92,97.94,97.905,97.935,25195.0
202709,IU7,514365267,2025-07-23,97.925,97.945,97.855,97.94,24784.0
202709,IU7,514365267,2025-07-24,97.87,97.885,97.81,97.825,58771.0
202709,IU7,514365267,2025-07-25,97.81,97.82,97.745,97.785,45699.0
202709,IU7,514365267,2025-07-28,97.775,97.835,97.76,97.825,32420.0
202709,IU7,514365267,2025-07-29,97.825,97.83,97.79,97.81,19485.0
202709,IU7,514365267,2025-07-30,97.815,97.82,97.775,97.795,21186.0
202709,IU7,514365267,2025-07-31,97.78,97.805,97.765,97.79,22045.0
202709,IU7,514365267,2025-08-01,97.775,97.865,97.755,97.83,36601.0
202709,IU7,514365267,2025-08-04,97.84,97.875,97.81,97.86,17739.0
202709,IU7,514365267,2025-08-05,97.875,97.88,97.85,97.87,19397.0
202709,IU7,514365267,2025-08-06,97.875,97.875,97.84,97.865,14643.0
202709,IU7,514365267,2025-08-07,97.855,97.875,97.835,97.855,19283.0
202709,IU7,514365267,2025-08-08,97.855,97.855,97.8,97.81,17771.0
202709,IU7,514365267,2025-08-11,97.81,97.84,97.805,97.815,16194.0
202709,IU7,514365267,2025-08-12,97.815,97.83,97.785,97.8,18146.0
202709,IU7,514365267,2025-08-13,97.81,97.87,97.805,97.865,20452.0
202709,IU7,514365267,2025-08-14,97.865,97.88,97.83,97.835,22119.0
202709,IU7,514365267,2025-08-15,97.845,97.845,97.785,97.8,24637.0
202709,IU7,514365267,2025-08-18,97.795,97.825,97.79,97.81,21989.0
202709,IU7,514365267,2025-08-19,97.815,97.84,97.805,97.835,16268.0
202709,IU7,514365267,2025-08-20,97.835,97.865,97.825,97.865,20253.0
202709,IU7,514365267,2025-08-21,97.86,97.87,97.8,97.81,27762.0
202709,IU7,514365267,2025-08-22,97.81,97.86,97.8,97.85,19090.0
202709,IU7,514365267,2025-08-25,97.85,97.85,97.795,97.805,13736.0
202709,IU7,514365267,2025-08-26,97.82,97.86,97.815,97.845,17538.0
202709,IU7,514365267,2025-08-27,97.855,97.91,97.845,97.9,27272.0
202709,IU7,514365267,2025-08-28,97.9,97.91,97.87,97.885,20801.0
202709,IU7,514365267,2025-08-29,97.88,97.895,97.87,97.88,20807.0
202709,IU7,514365267,2025-09-01,97.89,97.89,97.85,97.86,14785.0
202709,IU7,514365267,2025-09-02,97.87,97.875,97.815,97.835,35527.0
202709,IU7,514365267,2025-09-03,97.835,97.87,97.825,97.865,21416.0
202709,IU7,514365267,2025-09-04,97.865,97.89,97.86,97.87,20151.0
202709,IU7,514365267,2025-09-05,97.87,97.93,97.87,97.925,27639.0
202709,IU7,514365267,2025-09-08,97.9,97.94,97.895,97.935,22334.0
202709,IU7,514365267,2025-09-09,97.92,97.925,97.9,97.91,28899.0
202709,IU7,514365267,2025-09-10,97.915,97.93,97.885,97.895,26501.0
202709,IU7,514365267,2025-09-11,97.9,97.92,97.855,97.865,43576.0
202709,IU7,514365267,2025-09-12,97.855,97.86,97.805,97.82,33766.0
202709,IU7,514365267,2025-09-15,97.83,97.84,97.82,97.83,19971.0
202709,IU7,514365267,2025-09-16,97.82,97.84,97.815,97.835,33130.0
202709,IU7,514365267,2025-09-17,97.83,97.85,97.815,97.83,35987.0
202709,IU7,514365267,2025-09-18,97.82,97.85,97.81,97.82,28759.0
202709,IU7,514365267,2025-09-19,97.815,97.82,97.79,97.8,17646.0
202709,IU7,514365267,2025-09-22,97.795,97.82,97.785,97.815,16754.0
202709,IU7,514365267,2025-09-23,97.815,97.83,97.79,97.79,27898.0
202709,IU7,514365267,2025-09-24,97.8,97.805,97.785,97.795,19234.0
202709,IU7,514365267,2025-09-25,97.79,97.795,97.745,97.76,28760.0
202709,IU7,514365267,2025-09-26,97.755,97.785,97.745,97.77,25591.0
202709,IU7,514365267,2025-09-29,97.78,97.8,97.775,97.795,23280.0
202709,IU7,514365267,2025-09-30,97.795,97.81,97.78,97.795,21436.0
202709,IU7,514365267,2025-10-01,97.795,97.83,97.775,97.815,24765.0
202709,IU7,514365267,2025-10-02,97.815,97.835,97.8,97.81,16589.0
202709,IU7,514365267,2025-10-03,97.82,97.83,97.81,97.81,18898.0
202709,IU7,514365267,2025-10-06,97.805,97.83,97.795,97.82,25179.0
202709,IU7,514365267,2025-10-07,97.82,97.825,97.8,97.815,17870.0
202709,IU7,514365267,2025-10-08,97.82,97.86,97.815,97.855,27330.0
202709,IU7,514365267,2025-10-09,97.855,97.855,97.83,97.835,23935.0
202709,IU7,514365267,2025-10-10,97.835,97.895,97.83,97.885,39803.0
202709,IU7,514365267,2025-10-13,97.89,97.92,97.875,97.915,39140.0
202709,IU7,514365267,2025-10-14,97.915,97.96,97.915,97.93,54281.0
202709,IU7,514365267,2025-10-15,97.94,97.98,97.935,97.975,51206.0
202709,IU7,514365267,2025-10-16,97.96,98.03,97.96,97.975,46695.0
202709,IU7,514365267,2025-10-17,98.02,98.04,97.965,97.975,60885.0
202709,IU7,514365267,2025-10-20,97.965,97.975,97.955,97.965,24926.0
202709,IU7,514365267,2025-10-21,97.965,97.985,97.955,97.98,25248.0
202709,IU7,514365267,2025-10-22,97.98,98.0,97.96,97.97,29035.0
202709,IU7,514365267,2025-10-23,97.975,97.975,97.945,97.955,19319.0
202709,IU7,514365267,2025-10-24,97.945,97.965,97.895,97.9,34979.0
202709,IU7,514365267,2025-10-27,97.89,97.91,97.88,97.895,25638.0
202709,IU7,514365267,2025-10-28,97.905,97.915,97.88,97.895,24328.0
202709,IU7,514365267,2025-10-29,97.895,97.905,97.86,97.9,20726.0
202709,IU7,514365267,2025-10-30,97.86,97.88,97.845,97.87,42828.0
202709,IU7,514365267,2025-10-31,97.88,97.9,97.865,97.89,34368.0
202709,IU7,514365267,2025-11-03,97.9,97.9,97.85,97.855,26011.0
202709,IU7,514365267,2025-11-04,97.855,97.88,97.855,97.87,28576.0
202709,IU7,514365267,2025-11-05,97.875,97.89,97.855,97.855,31121.0
202709,IU7,514365267,2025-11-06,97.86,97.88,97.855,97.87,22885.0
202709,IU7,514365267,2025-11-07,97.86,97.885,97.855,97.87,27749.0
202709,IU7,514365267,2025-11-10,97.86,97.875,97.85,97.87,20895.0
202709,IU7,514365267,2025-11-11,97.855,97.88,97.855,97.875,15967.0
202709,IU7,514365267,2025-11-12,97.875,97.88,97.85,97.87,28089.0
202709,IU7,514365267,2025-11-13,97.865,97.865,97.83,97.835,38386.0
202709,IU7,514365267,2025-11-14,97.835,97.84,97.795,97.81,44126.0
202709,IU7,514365267,2025-11-17,97.805,97.82,97.795,97.8,29296.0
202709,IU7,514365267,2025-11-18,97.8,97.84,97.8,97.82,37562.0
202709,IU7,514365267,2025-11-19,97.82,97.85,97.815,97.825,35416.0
202709,IU7,514365267,2025-11-20,97.81,97.84,97.8,97.835,31869.0
202709,IU7,514365267,2025-11-21,97.835,97.88,97.83,97.86,35651.0
202709,IU7,514365267,2025-11-24,97.855,97.865,97.835,97.85,28173.0
202709,IU7,514365267,2025-11-25,97.855,97.87,97.845,97.86,23732.0
202709,IU7,514365267,2025-11-26,97.865,97.88,97.85,97.86,30606.0
202709,IU7,514365267,2025-11-27,97.865,97.87,97.85,97.855,17052.0
202709,IU7,514365267,2025-11-28,97.85,97.855,97.835,97.845,16791.0
202709,IU7,514365267,2025-12-01,97.85,97.85,97.8,97.81,69966.0
202709,IU7,514365267,2025-12-02,97.805,97.825,97.795,97.815,47911.0
202709,IU7,514365267,2025-12-03,97.825,97.835,97.81,97.82,38347.0
202709,IU7,514365267,2025-12-04,97.82,97.82,97.79,97.8,33588.0
202709,IU7,514365267,2025-12-05,97.8,97.805,97.735,97.755,47614.0
202709,IU7,514365267,2025-12-08,97.75,97.75,97.62,97.625,83230.0
202709,IU7,514365267,2025-12-09,97.635,97.67,97.605,97.65,72196.0
202709,IU7,514365267,2025-12-10,97.645,97.655,97.56,97.62,77707.0
202709,IU7,514365267,2025-12-11,97.655,97.67,97.63,97.64,39915.0
202709,IU7,514365267,2025-12-12,97.635,97.65,97.615,97.645,25926.0
202709,IU7,514365267,2025-12-15,97.65,97.665,97.64,97.65,36527.0
202709,IU7,514365267,2025-12-16,97.65,97.675,97.64,97.66,50130.0
202709,IU7,514365267,2025-12-17,97.67,97.695,97.655,97.66,47948.0
202709,IU7,514365267,2025-12-18,97.67,97.695,97.625,97.675,74640.0
202709,IU7,514365267,2025-12-19,97.675,97.68,97.635,97.65,31834.0
202709,IU7,514365267,2025-12-22,97.635,97.655,97.62,97.63,27801.0
202709,IU7,514365267,2025-12-23,97.645,97.665,97.64,97.655,26744.0
202709,IU7,514365267,2025-12-24,97.66,97.675,97.65,97.665,1997.0
202709,IU7,514365267,2025-12-29,97.67,97.705,97.65,97.7,26208.0
202709,IU7,514365267,2025-12-30,97.695,97.705,97.68,97.69,12483.0
202709,IU7,514365267,2025-12-31,97.69,97.695,97.685,97.69,7095.0
202709,IU7,514365267,2026-01-02,97.685,97.7,97.655,97.675,23951.0
202709,IU7,514365267,2026-01-05,97.67,97.695,97.665,97.69,29480.0
202709,IU7,514365267,2026-01-06,97.685,97.74,97.67,97.725,47948.0
202709,IU7,514365267,2026-01-07,97.73,97.775,97.73,97.765,55482.0
202709,IU7,514365267,2026-01-08,97.755,97.77,97.73,97.74,48295.0
202709,IU7,514365267,2026-01-09,97.745,97.755,97.705,97.74,40568.0
202709,IU7,514365267,2026-01-12,97.72,97.755,97.715,97.75,26560.0
202709,IU7,514365267,2026-01-13,97.75,97.76,97.725,97.755,36750.0
202709,IU7,514365267,2026-01-14,97.75,97.78,97.745,97.77,31397.0
202709,IU7,514365267,2026-01-15,97.765,97.77,97.735,97.745,47918.0
202709,IU7,514365267,2026-01-16,97.74,97.745,97.705,97.715,34259.0
202709,IU7,514365267,2026-01-19,97.735,97.77,97.72,97.75,40752.0
202709,IU7,514365267,2026-01-20,97.74,97.77,97.725,97.76,32993.0
202709,IU7,514365267,2026-01-21,97.77,97.79,97.7,97.735,54827.0
202709,IU7,514365267,2026-01-22,97.715,97.745,97.705,97.715,32523.0
202709,IU7,514365267,2026-01-23,97.71,97.72,97.68,97.685,41382.0
202709,IU7,514365267,2026-01-26,97.695,97.725,97.69,97.72,29260.0
202709,IU7,514365267,2026-01-27,97.715,97.745,97.705,97.735,35102.0
202709,IU7,514365267,2026-01-28,97.74,97.785,97.74,97.77,69044.0
202709,IU7,514365267,2026-01-29,97.77,97.815,97.76,97.805,35763.0
202709,IU7,514365267,2026-01-30,97.79,97.81,97.775,97.79,51117.0
202709,IU7,514365267,2026-02-02,97.785,97.805,97.75,97.76,27789.0
202709,IU7,514365267,2026-02-03,97.755,97.755,97.73,97.745,29665.0
202709,IU7,514365267,2026-02-04,97.75,97.785,97.745,97.775,30870.0
202709,IU7,514365267,2026-02-05,97.775,97.8,97.765,97.79,46309.0
202709,IU7,514365267,2026-02-06,97.795,97.825,97.79,97.8,42852.0
202709,IU7,514365267,2026-02-09,97.795,97.83,97.78,97.825,37056.0
202709,IU7,514365267,2026-02-10,97.83,97.845,97.82,97.84,34601.0
202709,IU7,514365267,2026-02-11,97.84,97.85,97.805,97.83,46410.0
202709,IU7,514365267,2026-02-12,97.825,97.865,97.82,97.855,39155.0
202709,IU7,514365267,2026-02-13,97.865,97.905,97.86,97.885,57686.0
202709,IU7,514365267,2026-02-16,97.88,97.895,97.875,97.89,29626.0
202709,IU7,514365267,2026-02-17,97.89,97.915,97.885,97.895,53347.0
202709,IU7,514365267,2026-02-18,97.89,97.895,97.87,97.88,37834.0
202709,IU7,514365267,2026-02-19,97.875,97.88,97.855,97.87,27287.0
202709,IU7,514365267,2026-02-20,97.88,97.885,97.85,97.86,24891.0
202709,IU7,514365267,2026-02-23,97.875,97.91,97.865,97.9,41752.0
202709,IU7,514365267,2026-02-24,97.905,97.915,97.885,97.895,34818.0
202709,IU7,514365267,2026-02-25,97.895,97.9,97.885,97.89,27202.0
202709,IU7,514365267,2026-02-26,97.895,97.915,97.89,97.9,22635.0
202709,IU7,514365267,2026-02-27,97.905,97.97,97.895,97.945,71023.0
202709,IU7,514365267,2026-03-02,97.965,97.98,97.82,97.845,125510.0
202709,IU7,514365267,2026-03-03,97.815,97.82,97.615,97.72,225731.0
202709,IU7,514365267,2026-03-04,97.78,97.805,97.705,97.795,94756.0
202709,IU7,514365267,2026-03-05,97.765,97.77,97.615,97.65,160969.0
202709,IU7,514365267,2026-03-06,97.665,97.69,97.45,97.545,203867.0
202709,IU7,514365267,2026-03-09,97.415,97.645,97.245,97.51,203781.0
202709,IU7,514365267,2026-03-10,97.635,97.685,97.535,97.64,157772.0
202709,IU7,514365267,2026-03-11,97.565,97.61,97.425,97.46,135852.0
202709,IU7,514365267,2026-03-12,97.41,97.495,97.365,97.42,107120.0
202709,IU7,514365267,2026-03-13,97.385,97.475,97.35,97.405,97278.0
202709,IU7,514365267,2026-03-16,97.39,97.49,97.39,97.45,80252.0
202709,IU7,514365267,2026-03-17,97.475,97.51,97.43,97.475,67452.0
202709,IU7,514365267,2026-03-18,97.475,97.52,97.32,97.395,106179.0
202709,IU7,514365267,2026-03-19,97.32,97.385,97.175,97.3,178134.0
202709,IU7,514365267,2026-03-20,97.34,97.38,97.145,97.215,135251.0
202709,IU7,514365267,2026-03-23,97.15,97.395,97.065,97.28,165620.0
202709,IU7,514365267,2026-03-24,97.295,97.33,97.145,97.21,90525.0
202709,IU7,514365267,2026-03-25,97.285,97.325,97.23,97.27,98429.0
202709,IU7,514365267,2026-03-26,97.24,97.24,97.085,97.15,76944.0
202709,IU7,514365267,2026-03-27,97.105,97.15,97.01,97.105,92871.0
202709,IU7,514365267,2026-03-30,97.11,97.225,97.11,97.21,53948.0
202709,IU7,514365267,2026-03-31,97.185,97.325,97.175,97.23,99475.0
202709,IU7,514365267,2026-04-01,97.29,97.365,97.245,97.265,89613.0
202709,IU7,514365267,2026-04-02,97.265,97.28,97.175,97.255,70132.0
202709,IU7,514365267,2026-04-07,97.235,97.255,97.105,97.11,81982.0
202709,IU7,514365267,2026-04-08,97.31,97.46,97.31,97.415,135070.0
202709,IU7,514365267,2026-04-09,97.385,97.385,97.3,97.315,85945.0
202709,IU7,514365267,2026-04-10,97.355,97.36,97.275,97.31,53352.0
202709,IU7,514365267,2026-04-13,97.245,97.3,97.225,97.24,59009.0
202709,IU7,514365267,2026-04-14,97.305,97.38,97.28,97.35,63004.0
202709,IU7,514365267,2026-04-15,97.38,97.4,97.34,97.36,47101.0
202709,IU7,514365267,2026-04-16,97.38,97.42,97.335,97.37,62410.0
202709,IU7,514365267,2026-04-17,97.33,97.53,97.33,97.485,94848.0
202709,IU7,514365267,2026-04-20,97.425,97.48,97.425,97.45,37893.0
202709,IU7,514365267,2026-04-21,97.46,97.475,97.31,97.39,61209.0
202709,IU7,514365267,2026-04-22,97.33,97.41,97.32,97.345,62037.0
202709,IU7,514365267,2026-04-23,97.33,97.365,97.225,97.335,68091.0
202709,IU7,514365267,2026-04-24,97.27,97.37,97.26,97.33,61005.0
202709,IU7,514365267,2026-04-27,97.34,97.365,97.29,97.315,37476.0
202709,IU7,514365267,2026-04-28,97.31,97.31,97.21,97.255,92189.0
202709,IU7,514365267,2026-04-29,97.225,97.25,97.105,97.17,73410.0
202709,IU7,514365267,2026-04-30,97.125,97.27,97.105,97.245,103501.0
202709,IU7,514365267,2026-05-04,97.26,97.27,97.125,97.185,44155.0
202709,IU7,514365267,2026-05-05,97.155,97.215,97.15,97.195,49963.0
202709,IU7,514365267,2026-05-06,97.215,97.405,97.205,97.345,97602.0
202709,IU7,514365267,2026-05-07,97.335,97.405,97.27,97.34,78113.0
202709,IU7,514365267,2026-05-08,97.295,97.335,97.29,97.315,53688.0
202709,IU7,514365267,2026-05-11,97.305,97.315,97.22,97.235,44157.0
202709,IU7,514365267,2026-05-12,97.225,97.225,97.145,97.17,72721.0
202709,IU7,514365267,2026-05-13,97.155,97.195,97.145,97.155,45273.0
202709,IU7,514365267,2026-05-14,97.18,97.235,97.175,97.215,39750.0
202709,IU7,514365267,2026-05-15,97.18,97.19,97.09,97.12,65762.0
202709,IU7,514365267,2026-05-18,97.085,97.18,97.07,97.125,61486.0
202709,IU7,514365267,2026-05-19,97.16,97.175,97.065,97.085,55244.0
202709,IU7,514365267,2026-05-20,97.085,97.26,97.075,97.195,83290.0
202709,IU7,514365267,2026-05-21,97.215,97.265,97.155,97.18,89899.0
202709,IU7,514365267,2026-05-22,97.245,97.28,97.21,97.235,45476.0
202709,IU7,514365267,2026-05-25,97.29,97.385,97.28,97.375,30988.0
202709,IU7,514365267,2026-05-26,97.375,97.375,97.295,97.305,54378.0
202709,IU7,514365267,2026-05-27,97.335,97.38,97.315,97.34,47612.0
202709,IU7,514365267,2026-05-28,97.325,97.415,97.28,97.375,67011.0
202709,IU7,514365267,2026-05-29,97.375,97.415,97.355,97.4,56548.0
202709,IU7,514365267,2026-06-01,97.37,97.375,97.26,97.27,82328.0
202709,IU7,514365267,2026-06-02,97.32,97.355,97.28,97.3,45468.0
202709,IU7,514365267,2026-06-03,97.29,97.295,97.205,97.22,64846.0
202709,IU7,514365267,2026-06-04,97.225,97.265,97.215,97.24,66788.0
202709,IU7,514365267,2026-06-05,97.25,97.27,97.185,97.21,60590.0
202709,IU7,514365267,2026-06-08,97.205,97.22,97.15,97.185,71554.0
202709,IU7,514365267,2026-06-09,97.18,97.24,97.165,97.22,55580.0
202709,IU7,514365267,2026-06-10,97.21,97.23,97.145,97.18,73018.0
202709,IU7,514365267,2026-06-11,97.16,97.33,97.15,97.245,117290.0
202709,IU7,514365267,2026-06-12,97.3,97.35,97.265,97.29,92366.0
202709,IU7,514365267,2026-06-15,97.36,97.39,97.345,97.36,65010.0
202709,IU7,514365267,2026-06-16,97.345,97.395,97.34,97.35,62089.0
202709,IU7,514365267,2026-06-17,97.36,97.39,97.275,97.345,52498.0
202709,IU7,514365267,2026-06-18,97.285,97.34,97.26,97.335,51852.0
202709,IU7,514365267,2026-06-19,97.295,97.31,97.265,97.275,42702.0
202709,IU7,514365267,2026-06-22,97.265,97.355,97.26,97.34,54483.0
202709,IU7,514365267,2026-06-23,97.325,97.38,97.325,97.365,61652.0
202709,IU7,514365267,2026-06-24,97.345,97.405,97.345,97.39,62707.0
202709,IU7,514365267,2026-06-25,97.39,97.425,97.375,97.41,55586.0
202709,IU7,514365267,2026-06-26,97.395,97.455,97.395,97.445,65961.0
202709,IU7,514365267,2026-06-29,97.425,97.435,97.395,97.415,54471.0
202709,IU7,514365267,2026-06-30,97.41,97.46,97.405,97.42,60477.0
202709,IU7,514365267,2026-07-01,97.41,97.445,97.395,97.44,66606.0
202709,IU7,514365267,2026-07-02,97.425,97.46,97.4,97.455,58945.0
202709,IU7,514365267,2026-07-03,97.44,97.45,97.395,97.4,44145.0
202709,IU7,514365267,2026-07-06,97.4,97.43,97.39,97.405,42362.0
202709,IU7,514365267,2026-07-07,97.39,97.395,97.285,97.345,74842.0
202709,IU7,514365267,2026-07-08,97.295,97.305,97.175,97.205,186222.0
202709,IU7,514365267,2026-07-09,97.21,97.275,97.2,97.26,73105.0
202709,IU7,514365267,2026-07-10,97.265,97.3,97.235,97.265,63121.0
202709,IU7,514365267,2026-07-13,97.235,97.24,97.125,97.19,84891.0
202709,IU7,514365267,2026-07-14,97.135,97.18,97.065,97.17,142194.0
202709,IU7,514365267,2026-07-15,97.145,97.175,97.12,97.165,72757.0
202709,IU7,514365267,2026-07-16,97.15,97.16,97.09,97.12,68483.0
202709,IU7,514365267,2026-07-17,97.12,97.14,97.06,97.1,77123.0
202709,IU7,514365267,2026-07-20,97.05,97.13,97.015,97.095,72189.0
202709,IU7,514365267,2026-07-21,97.085,97.115,97.05,97.06,53382.0
202709,IU7,514365267,2026-07-22,97.05,97.065,96.99,97.005,97689.0
202709,IU7,514365267,2026-07-23,96.99,96.99,96.905,96.93,102806.0
202709,IU7,514365267,2026-07-24,96.94,97.03,96.925,97.005,70035.0
202709,IU7,514365267,2026-07-27,97.04,97.105,97.04,97.085,70335.0
202709,IU7,514365267,2026-07-28,97.08,97.145,97.08,97.12,43471.0
202709,IU7,514365267,2026-07-29,97.12,97.12,97.03,97.055,62742.0
202709,IU7,514365267,2026-07-30,97.055,97.12,97.035,97.08,54686.0
202709,IU7,514365267,2026-07-31,97.095,97.12,97.02,97.045,51043.0
202709,IU7,514365267,2026-08-03,97.095,97.125,97.075,97.105,46236.0
202709,IU7,514365267,2026-08-04,97.1,97.19,97.08,97.16,59413.0
202709,IU7,514365267,2026-08-05,97.195,97.205,97.14,97.165,56081.0
202709,IU7,514365267,2026-08-06,97.175,97.18,97.095,97.14,47507.0
202709,IU7,514365267,2026-08-07,97.095,97.165,97.09,97.135,55619.0
202709,IU7,514365267,2026-08-10,97.14,97.14,97.045,97.07,50010.0
202709,IU7,514365267,2026-08-11,97.045,97.1,97.025,97.09,50278.0
202709,IU7,514365267,2026-08-12,97.08,97.125,97.065,97.09,61390.0
202709,IU7,514365267,2026-08-13,97.075,97.135,97.07,97.12,47915.0
202709,IU7,514365267,2026-08-14,97.12,97.12,97.06,97.075,53622.0
202709,IU7,514365267,2026-08-17,97.07,97.095,97.055,97.08,39312.0
202709,IU7,514365267,2026-08-18,97.055,97.055,97.0,97.015,50681.0
202709,IU7,514365267,2026-08-19,97.015,97.03,96.98,96.99,56150.0
202709,IU7,514365267,2026-08-20,97.0,97.03,96.97,97.02,50351.0
202709,IU7,514365267,2026-08-21,97.02,97.06,97.01,97.03,43726.0
202709,IU7,514365267,2026-08-24,97.025,97.045,96.97,96.98,62442.0
202709,IU7,514365267,2026-08-25,96.99,97.13,96.97,97.05,82629.0
202709,IU7,514365267,2026-08-26,97.125,97.125,97.005,97.04,70555.0
202709,IU7,514365267,2026-08-27,97.03,97.045,96.98,97.005,51158.0
202709,IU7,514365267,2026-08-28,96.985,97.01,96.93,96.945,75714.0
202709,IU7,514365267,2026-08-31,96.94,96.955,96.89,96.905,55374.0
202709,IU7,514365267,2026-09-01,96.895,96.9,96.785,96.875,108913.0
202709,IU7,514365267,2026-09-02,96.785,96.84,96.775,96.82,96165.0
202709,IU7,514365267,2026-09-03,96.835,96.895,96.83,96.87,68874.0
202709,IU7,514365267,2026-09-04,96.86,96.9,96.83,96.885,63657.0
202709,IU7,514365267,2026-09-07,96.87,96.875,96.805,96.825,49077.0
202709,IU7,514365267,2026-09-08,96.825,96.845,96.795,96.835,77912.0
202709,IU7,514365267,2026-09-09,96.81,96.82,96.715,96.735,110715.0
202709,IU7,514365267,2026-09-10,96.715,96.77,96.445,96.515,311328.0
202709,IU7,514365267,2026-09-11,96.45,96.59,96.44,96.535,199284.0
202709,IU7,514365267,2026-09-14,96.53,96.545,96.355,96.405,174190.0
202709,IU7,514365267,2026-09-15,96.445,96.505,96.39,96.475,121663.0
202709,IU7,514365267,2026-09-16,96.455,96.56,96.435,96.54,110442.0
202709,IU7,514365267,2026-09-17,96.47,96.55,96.47,96.52,92453.0
202709,IU7,514365267,2026-09-18,96.5,96.52,96.405,96.415,97059.0
202709,IU7,514365267,2026-09-21,96.435,96.55,96.435,96.535,77161.0
202709,IU7,514365267,2026-09-22,96.52,96.58,96.465,96.525,103401.0
202709,IU7,514365267,2026-09-23,96.555,96.575,96.285,96.385,163894.0
202709,IU7,514365267,2026-09-24,96.355,96.425,96.31,96.345,146490.0
202709,IU7,514365267,2026-09-25,96.365,96.425,96.365,96.41,4708.0
202609,IU6,445314925,2024-09-16,98.03,98.065,98.0,98.055,48957.0
202609,IU6,445314925,2024-09-17,98.06,98.09,97.995,98.0,49585.0
202609,IU6,445314925,2024-09-18,98.0,98.01,97.94,97.96,33599.0
202609,IU6,445314925,2024-09-19,97.945,98.0,97.935,97.995,31145.0
202609,IU6,445314925,2024-09-20,97.985,98.005,97.935,97.935,40173.0
202609,IU6,445314925,2024-09-23,97.98,98.055,97.96,98.025,43383.0
202609,IU6,445314925,2024-09-24,98.05,98.095,98.01,98.09,54250.0
202609,IU6,445314925,2024-09-25,98.08,98.08,98.03,98.04,42766.0
202609,IU6,445314925,2024-09-26,98.045,98.095,98.035,98.05,44420.0
202609,IU6,445314925,2024-09-27,98.04,98.095,98.025,98.07,47265.0
202609,IU6,445314925,2024-09-30,98.085,98.11,98.03,98.08,51208.0
202609,IU6,445314925,2024-10-01,98.075,98.185,98.075,98.145,53498.0
202609,IU6,445314925,2024-10-02,98.15,98.165,98.09,98.105,45322.0
202609,IU6,445314925,2024-10-03,98.1,98.115,98.035,98.06,31012.0
202609,IU6,445314925,2024-10-04,98.04,98.05,97.905,97.925,54753.0
202609,IU6,445314925,2024-10-07,97.905,97.915,97.835,97.855,61603.0
202609,IU6,445314925,2024-10-08,97.865,97.9,97.86,97.875,37651.0
202609,IU6,445314925,2024-10-09,97.89,97.915,97.84,97.865,23536.0
202609,IU6,445314925,2024-10-10,97.84,97.905,97.795,97.875,55181.0
202609,IU6,445314925,2024-10-11,97.9,97.93,97.855,97.89,34386.0
202609,IU6,445314925,2024-10-14,97.915,97.93,97.89,97.895,21977.0
202609,IU6,445314925,2024-10-15,97.915,97.975,97.915,97.97,36533.0
202609,IU6,445314925,2024-10-16,97.96,98.015,97.955,98.01,30722.0
202609,IU6,445314925,2024-10-17,98.005,98.055,97.98,98.02,57429.0
202609,IU6,445314925,2024-10-18,98.04,98.07,98.01,98.065,35676.0
202609,IU6,445314925,2024-10-21,98.06,98.07,97.96,97.975,36833.0
202609,IU6,445314925,2024-10-22,97.965,97.995,97.925,97.955,50055.0
202609,IU6,445314925,2024-10-23,97.975,97.99,97.955,97.96,49863.0
202609,IU6,445314925,2024-10-24,97.955,98.035,97.95,98.015,44117.0
202609,IU6,445314925,2024-10-25,97.98,98.01,97.95,97.975,31184.0
202609,IU6,445314925,2024-10-28,97.94,98.04,97.92,98.0,42825.0
202609,IU6,445314925,2024-10-29,98.01,98.025,97.95,97.965,38712.0
202609,IU6,445314925,2024-10-30,97.99,97.995,97.81,97.865,68516.0
202609,IU6,445314925,2024-10-31,97.81,97.845,97.735,97.815,72762.0
202609,IU6,445314925,2024-11-01,97.83,97.9,97.805,97.84,52230.0
202609,IU6,445314925,2024-11-04,97.845,97.87,97.795,97.825,35777.0
202609,IU6,445314925,2024-11-05,97.815,97.82,97.75,97.77,42815.0
202609,IU6,445314925,2024-11-06,97.76,97.925,97.72,97.885,60025.0
202609,IU6,445314925,2024-11-07,97.895,97.935,97.835,97.895,41543.0
202609,IU6,445314925,2024-11-08,97.895,97.95,97.885,97.915,30684.0
202609,IU6,445314925,2024-11-11,97.945,98.005,97.925,98.0,27910.0
202609,IU6,445314925,2024-11-12,97.995,98.025,97.945,97.995,41339.0
202609,IU6,445314925,2024-11-13,97.95,97.975,97.91,97.96,50067.0
202609,IU6,445314925,2024-11-14,97.945,98.035,97.915,98.015,45315.0
202609,IU6,445314925,2024-11-15,98.005,98.025,97.955,98.0,40086.0
202609,IU6,445314925,2024-11-18,98.01,98.015,97.92,97.96,38504.0
202609,IU6,445314925,2024-11-19,97.97,98.035,97.955,97.97,49300.0
202609,IU6,445314925,2024-11-20,97.955,97.965,97.92,97.945,30343.0
202609,IU6,445314925,2024-11-21,97.935,97.995,97.925,97.975,39584.0
202609,IU6,445314925,2024-11-22,97.965,98.09,97.945,98.045,80257.0
202609,IU6,445314925,2024-11-25,98.045,98.085,98.025,98.065,34387.0
202609,IU6,445314925,2024-11-26,98.06,98.075,98.02,98.04,46741.0
202609,IU6,445314925,2024-11-27,98.06,98.085,98.03,98.04,49769.0
202609,IU6,445314925,2024-11-28,98.035,98.115,98.035,98.1,40668.0
202609,IU6,445314925,2024-11-29,98.11,98.185,98.095,98.16,53095.0
202609,IU6,445314925,2024-12-02,98.17,98.245,98.16,98.235,76009.0
202609,IU6,445314925,2024-12-03,98.235,98.245,98.19,98.21,65267.0
202609,IU6,445314925,2024-12-04,98.205,98.225,98.155,98.19,60352.0
202609,IU6,445314925,2024-12-05,98.215,98.225,98.115,98.12,43322.0
202609,IU6,445314925,2024-12-06,98.135,98.17,98.095,98.14,41446.0
202609,IU6,445314925,2024-12-09,98.17,98.195,98.14,98.165,26854.0
202609,IU6,445314925,2024-12-10,98.16,98.2,98.145,98.18,35688.0
202609,IU6,445314925,2024-12-11,98.175,98.235,98.17,98.195,33735.0
202609,IU6,445314925,2024-12-12,98.18,98.225,98.075,98.135,62697.0
202609,IU6,445314925,2024-12-13,98.085,98.11,98.015,98.055,37705.0
202609,IU6,445314925,2024-12-16,98.03,98.08,98.025,98.07,40423.0
202609,IU6,445314925,2024-12-17,98.07,98.075,98.025,98.045,35518.0
202609,IU6,445314925,2024-12-18,98.03,98.065,97.965,98.05,35502.0
202609,IU6,445314925,2024-12-19,97.97,98.02,97.96,97.985,36807.0
202609,IU6,445314925,2024-12-20,98.005,98.07,97.995,98.03,33634.0
202609,IU6,445314925,2024-12-23,98.015,98.02,97.975,97.985,24418.0
202609,IU6,445314925,2024-12-24,97.99,97.995,97.965,97.975,3941.0
202609,IU6,445314925,2024-12-27,97.98,97.995,97.915,97.935,33993.0
202609,IU6,445314925,2024-12-30,97.92,97.98,97.92,97.975,25085.0
202609,IU6,445314925,2024-12-31,97.975,98.0,97.975,97.975,4356.0
202609,IU6,445314925,2025-01-02,97.975,98.045,97.95,97.98,41552.0
202609,IU6,445314925,2025-01-03,97.975,97.99,97.875,97.89,48228.0
202609,IU6,445314925,2025-01-06,97.87,97.88,97.82,97.825,62941.0
202609,IU6,445314925,2025-01-07,97.845,97.87,97.83,97.84,59419.0
202609,IU6,445314925,2025-01-08,97.855,97.87,97.805,97.845,40933.0
202609,IU6,445314925,2025-01-09,97.84,97.845,97.785,97.805,39838.0
202609,IU6,445314925,2025-01-10,97.795,97.795,97.715,97.745,49567.0
202609,IU6,445314925,2025-01-13,97.715,97.725,97.67,97.715,45808.0
202609,IU6,445314925,2025-01-14,97.72,97.745,97.665,97.685,37206.0
202609,IU6,445314925,2025-01-15,97.68,97.81,97.675,97.79,56298.0
202609,IU6,445314925,2025-01-16,97.79,97.83,97.755,97.815,50072.0
202609,IU6,445314925,2025-01-17,97.81,97.85,97.81,97.83,32690.0
202609,IU6,445314925,2025-01-20,97.83,97.84,97.8,97.835,30292.0
202609,IU6,445314925,2025-01-21,97.83,97.855,97.795,97.84,33730.0
202609,IU6,445314925,2025-01-22,97.83,97.86,97.8,97.825,26260.0
202609,IU6,445314925,2025-01-23,97.81,97.825,97.77,97.785,32540.0
202609,IU6,445314925,2025-01-24,97.8,97.805,97.71,97.74,49973.0
202609,IU6,445314925,2025-01-27,97.75,97.815,97.745,97.765,41166.0
202609,IU6,445314925,2025-01-28,97.77,97.775,97.74,97.75,30428.0
202609,IU6,445314925,2025-01-29,97.765,97.785,97.72,97.745,42824.0
202609,IU6,445314925,2025-01-30,97.745,97.845,97.745,97.825,66012.0
202609,IU6,445314925,2025-01-31,97.82,97.935,97.8,97.93,73467.0
202609,IU6,445314925,2025-02-03,98.02,98.045,97.96,98.015,66605.0
202609,IU6,445314925,2025-02-04,97.985,98.02,97.96,98.0,41533.0
202609,IU6,445314925,2025-02-05,98.01,98.05,97.995,98.015,51075.0
202609,IU6,445314925,2025-02-06,98.0,98.02,97.965,98.005,41050.0
202609,IU6,445314925,2025-02-07,97.995,98.025,97.95,97.99,41503.0
202609,IU6,445314925,2025-02-10,98.015,98.045,97.995,98.035,25403.0
202609,IU6,445314925,2025-02-11,98.03,98.035,97.955,97.965,31464.0
202609,IU6,445314925,2025-02-12,97.965,97.965,97.88,97.89,53612.0
202609,IU6,445314925,2025-02-13,97.905,97.96,97.885,97.95,48726.0
202609,IU6,445314925,2025-02-14,97.955,97.955,97.89,97.925,43811.0
202609,IU6,445314925,2025-02-17,97.885,97.91,97.87,97.905,29037.0
202609,IU6,445314925,2025-02-18,97.9,97.91,97.875,97.905,29753.0
202609,IU6,445314925,2025-02-19,97.89,97.9,97.84,97.86,37723.0
202609,IU6,445314925,2025-02-20,97.865,97.895,97.845,97.885,28370.0
202609,IU6,445314925,2025-02-21,97.885,97.975,97.885,97.945,37541.0
202609,IU6,445314925,2025-02-24,97.94,97.97,97.92,97.96,37520.0
202609,IU6,445314925,2025-02-25,97.94,97.995,97.94,97.98,42425.0
202609,IU6,445314925,2025-02-26,97.975,98.02,97.955,97.99,29327.0
202609,IU6,445314925,2025-02-27,98.015,98.04,97.985,98.035,38425.0
202609,IU6,445314925,2025-02-28,98.045,98.08,98.035,98.055,50300.0
202609,IU6,445314925,2025-03-03,98.04,98.075,97.975,97.995,80457.0
202609,IU6,445314925,2025-03-04,98.045,98.095,97.94,98.065,87253.0
202609,IU6,445314925,2025-03-05,97.93,97.955,97.72,97.735,146319.0
202609,IU6,445314925,2025-03-06,97.73,97.795,97.655,97.705,136383.0
202609,IU6,445314925,2025-03-07,97.755,97.805,97.715,97.76,61465.0
202609,IU6,445314925,2025-03-10,97.725,97.82,97.725,97.8,51818.0
202609,IU6,445314925,2025-03-11,97.81,97.83,97.745,97.785,54504.0
202609,IU6,445314925,2025-03-12,97.755,97.795,97.72,97.75,50329.0
202609,IU6,445314925,2025-03-13,97.77,97.82,97.735,97.805,40489.0
202609,IU6,445314925,2025-03-14,97.805,97.825,97.76,97.78,48915.0
202609,IU6,445314925,2025-03-17,97.795,97.815,97.78,97.81,45410.0
202609,IU6,445314925,2025-03-18,97.795,97.83,97.775,97.82,39842.0
202609,IU6,445314925,2025-03-19,97.805,97.865,97.795,97.81,40025.0
202609,IU6,445314925,2025-03-20,97.855,97.86,97.815,97.83,44012.0
202609,IU6,445314925,2025-03-21,97.835,97.89,97.835,97.885,30586.0
202609,IU6,445314925,2025-03-24,97.88,97.885,97.85,97.87,27686.0
202609,IU6,445314925,2025-03-25,97.875,97.885,97.82,97.855,27776.0
202609,IU6,445314925,2025-03-26,97.845,97.915,97.845,97.865,40726.0
202609,IU6,445314925,2025-03-27,97.91,97.935,97.89,97.925,58218.0
202609,IU6,445314925,2025-03-28,97.935,97.99,97.925,97.975,46979.0
202609,IU6,445314925,2025-03-31,97.985,98.05,97.945,97.965,62718.0
202609,IU6,445314925,2025-04-01,97.96,98.025,97.955,97.985,51096.0
202609,IU6,445314925,2025-04-02,97.99,98.035,97.96,97.985,45720.0
202609,IU6,445314925,2025-04-03,98.05,98.12,98.035,98.105,101812.0
202609,IU6,445314925,2025-04-04,98.115,98.26,98.11,98.175,144075.0
202609,IU6,445314925,2025-04-07,98.255,98.295,98.085,98.165,114494.0
202609,IU6,445314925,2025-04-08,98.14,98.22,98.09,98.13,98632.0
202609,IU6,445314925,2025-04-09,98.215,98.25,97.955,98.215,110034.0
202609,IU6,445314925,2025-04-10,97.995,98.2,97.995,98.155,75742.0
202609,IU6,445314925,2025-04-11,98.14,98.215,98.085,98.15,95332.0
202609,IU6,445314925,2025-04-14,98.11,98.225,98.11,98.2,53605.0
202609,IU6,445314925,2025-04-15,98.215,98.23,98.19,98.215,48841.0
202609,IU6,445314925,2025-04-16,98.215,98.255,98.215,98.235,40623.0
202609,IU6,445314925,2025-04-17,98.24,98.31,98.17,98.29,84575.0
202609,IU6,445314925,2025-04-22,98.285,98.345,98.285,98.32,54270.0
202609,IU6,445314925,2025-04-23,98.3,98.305,98.215,98.24,80237.0
202609,IU6,445314925,2025-04-24,98.245,98.31,98.245,98.295,49485.0
202609,IU6,445314925,2025-04-25,98.305,98.305,98.245,98.255,46602.0
202609,IU6,445314925,2025-04-28,98.26,98.275,98.23,98.255,39979.0
202609,IU6,445314925,2025-04-29,98.25,98.28,98.235,98.255,37692.0
202609,IU6,445314925,2025-04-30,98.24,98.3,98.23,98.285,50620.0
202609,IU6,445314925,2025-05-02,98.28,98.285,98.195,98.23,47775.0
202609,IU6,445314925,2025-05-05,98.2,98.255,98.185,98.23,28791.0
202609,IU6,445314925,2025-05-06,98.22,98.255,98.215,98.245,44745.0
202609,IU6,445314925,2025-05-07,98.245,98.285,98.235,98.27,45140.0
202609,IU6,445314925,2025-05-08,98.275,98.28,98.195,98.23,45692.0
202609,IU6,445314925,2025-05-09,98.2,98.21,98.185,98.2,41343.0
202609,IU6,445314925,2025-05-12,98.17,98.185,98.045,98.06,91078.0
202609,IU6,445314925,2025-05-13,98.05,98.075,98.04,98.065,47882.0
202609,IU6,445314925,2025-05-14,98.05,98.085,98.03,98.07,65965.0
202609,IU6,445314925,2025-05-15,98.045,98.125,98.04,98.115,42954.0
202609,IU6,445314925,2025-05-16,98.13,98.16,98.12,98.145,39073.0
202609,IU6,445314925,2025-05-19,98.135,98.16,98.095,98.15,44360.0
202609,IU6,445314925,2025-05-20,98.165,98.18,98.125,98.145,39503.0
202609,IU6,445314925,2025-05-21,98.155,98.155,98.11,98.13,33567.0
202609,IU6,445314925,2025-05-22,98.115,98.17,98.105,98.16,49600.0
202609,IU6,445314925,2025-05-23,98.165,98.3,98.15,98.225,94551.0
202609,IU6,445314925,2025-05-26,98.175,98.22,98.165,98.205,24388.0
202609,IU6,445314925,2025-05-27,98.215,98.24,98.21,98.22,32736.0
202609,IU6,445314925,2025-05-28,98.215,98.23,98.195,98.21,35844.0
202609,IU6,445314925,2025-05-29,98.215,98.245,98.17,98.235,46965.0
202609,IU6,445314925,2025-05-30,98.24,98.25,98.205,98.22,35768.0
202609,IU6,445314925,2025-06-02,98.235,98.24,98.2,98.23,36123.0
202609,IU6,445314925,2025-06-03,98.23,98.265,98.23,98.25,53704.0
202609,IU6,445314925,2025-06-04,98.26,98.265,98.215,98.225,51896.0
202609,IU6,445314925,2025-06-05,98.235,98.26,98.125,98.135,111803.0
202609,IU6,445314925,2025-06-06,98.13,98.17,98.12,98.125,54646.0
202609,IU6,445314925,2025-06-09,98.125,98.17,98.125,98.135,39911.0
202609,IU6,445314925,2025-06-10,98.14,98.17,98.135,98.16,42394.0
202609,IU6,445314925,2025-06-11,98.165,98.19,98.15,98.18,31520.0
202609,IU6,445314925,2025-06-12,98.18,98.215,98.17,98.2,44207.0
202609,IU6,445314925,2025-06-13,98.205,98.24,98.145,98.155,56450.0
202609,IU6,445314925,2025-06-16,98.145,98.185,98.12,98.175,65329.0
202609,IU6,445314925,2025-06-17,98.165,98.18,98.145,98.155,52516.0
202609,IU6,445314925,2025-06-18,98.155,98.19,98.14,98.175,57302.0
202609,IU6,445314925,2025-06-19,98.17,98.18,98.15,98.165,34900.0
202609,IU6,445314925,2025-06-20,98.175,98.19,98.145,98.155,33031.0
202609,IU6,445314925,2025-06-23,98.14,98.185,98.115,98.165,64189.0
202609,IU6,445314925,2025-06-24,98.165,98.19,98.155,98.175,78958.0
202609,IU6,445314925,2025-06-25,98.175,98.2,98.155,98.17,48601.0
202609,IU6,445314925,2025-06-26,98.18,98.205,98.175,98.195,51798.0
202609,IU6,445314925,2025-06-27,98.19,98.195,98.145,98.15,55059.0
202609,IU6,445314925,2025-06-30,98.165,98.185,98.15,98.165,57626.0
202609,IU6,445314925,2025-07-01,98.16,98.2,98.16,98.18,59443.0
202609,IU6,445314925,2025-07-02,98.18,98.185,98.15,98.16,52887.0
202609,IU6,445314925,2025-07-03,98.155,98.185,98.15,98.175,42403.0
202609,IU6,445314925,2025-07-04,98.18,98.225,98.18,98.21,52468.0
202609,IU6,445314925,2025-07-07,98.225,98.225,98.18,98.19,40644.0
202609,IU6,445314925,2025-07-08,98.185,98.185,98.14,98.155,74696.0
202609,IU6,445314925,2025-07-09,98.16,98.18,98.15,98.175,36083.0
202609,IU6,445314925,2025-07-10,98.175,98.185,98.135,98.14,42959.0
202609,IU6,445314925,2025-07-11,98.14,98.16,98.105,98.11,68468.0
202609,IU6,445314925,2025-07-14,98.13,98.15,98.125,98.145,54574.0
202609,IU6,445314925,2025-07-15,98.15,98.175,98.14,98.16,47256.0
202609,IU6,445314925,2025-07-16,98.165,98.21,98.145,98.185,60605.0
202609,IU6,445314925,2025-07-17,98.2,98.2,98.165,98.185,33826.0
202609,IU6,445314925,2025-07-18,98.17,98.19,98.15,98.16,43903.0
202609,IU6,445314925,2025-07-21,98.185,98.22,98.18,98.21,52740.0
202609,IU6,445314925,2025-07-22,98.21,98.23,98.2,98.225,75138.0
202609,IU6,445314925,2025-07-23,98.22,98.235,98.155,98.23,65587.0
202609,IU6,445314925,2025-07-24,98.165,98.18,98.095,98.115,118504.0
202609,IU6,445314925,2025-07-25,98.105,98.11,98.045,98.08,100239.0
202609,IU6,445314925,2025-07-28,98.07,98.13,98.06,98.125,87021.0
202609,IU6,445314925,2025-07-29,98.13,98.13,98.09,98.11,55735.0
202609,IU6,445314925,2025-07-30,98.11,98.115,98.065,98.08,43242.0
202609,IU6,445314925,2025-07-31,98.065,98.085,98.05,98.065,56615.0
202609,IU6,445314925,2025-08-01,98.06,98.145,98.045,98.11,111275.0
202609,IU6,445314925,2025-08-04,98.125,98.14,98.09,98.13,40692.0
202609,IU6,445314925,2025-08-05,98.14,98.145,98.11,98.13,49906.0
202609,IU6,445314925,2025-08-06,98.135,98.14,98.115,98.13,23914.0
202609,IU6,445314925,2025-08-07,98.125,98.14,98.11,98.115,37846.0
202609,IU6,445314925,2025-08-08,98.115,98.12,98.075,98.085,58932.0
202609,IU6,445314925,2025-08-11,98.08,98.1,98.07,98.075,33909.0
202609,IU6,445314925,2025-08-12,98.08,98.095,98.06,98.075,49511.0
202609,IU6,445314925,2025-08-13,98.08,98.13,98.075,98.125,41798.0
202609,IU6,445314925,2025-08-14,98.12,98.13,98.1,98.1,38216.0
202609,IU6,445314925,2025-08-15,98.11,98.11,98.065,98.08,52674.0
202609,IU6,445314925,2025-08-18,98.075,98.095,98.075,98.085,44082.0
202609,IU6,445314925,2025-08-19,98.09,98.1,98.08,98.095,38945.0
202609,IU6,445314925,2025-08-20,98.1,98.13,98.09,98.125,40909.0
202609,IU6,445314925,2025-08-21,98.12,98.125,98.065,98.07,56714.0
202609,IU6,445314925,2025-08-22,98.07,98.105,98.055,98.1,47929.0
202609,IU6,445314925,2025-08-25,98.1,98.1,98.06,98.07,46735.0
202609,IU6,445314925,2025-08-26,98.085,98.115,98.08,98.105,41354.0
202609,IU6,445314925,2025-08-27,98.11,98.145,98.105,98.14,55523.0
202609,IU6,445314925,2025-08-28,98.14,98.145,98.105,98.115,47209.0
202609,IU6,445314925,2025-08-29,98.12,98.13,98.105,98.115,42497.0
202609,IU6,445314925,2025-09-01,98.125,98.125,98.095,98.105,40388.0
202609,IU6,445314925,2025-09-02,98.105,98.11,98.065,98.075,73009.0
202609,IU6,445314925,2025-09-03,98.075,98.1,98.065,98.09,41309.0
202609,IU6,445314925,2025-09-04,98.095,98.11,98.085,98.09,47233.0
202609,IU6,445314925,2025-09-05,98.085,98.135,98.085,98.125,60361.0
202609,IU6,445314925,2025-09-08,98.105,98.13,98.095,98.125,44893.0
202609,IU6,445314925,2025-09-09,98.12,98.12,98.095,98.1,45773.0
202609,IU6,445314925,2025-09-10,98.1,98.11,98.085,98.085,51468.0
202609,IU6,445314925,2025-09-11,98.09,98.105,98.04,98.045,131608.0
202609,IU6,445314925,2025-09-12,98.04,98.04,98.01,98.02,85957.0
202609,IU6,445314925,2025-09-15,98.025,98.045,98.02,98.025,42712.0
202609,IU6,445314925,2025-09-16,98.02,98.045,98.015,98.03,48672.0
202609,IU6,445314925,2025-09-17,98.035,98.055,98.025,98.03,49310.0
202609,IU6,445314925,2025-09-18,98.04,98.055,98.03,98.035,52515.0
202609,IU6,445314925,2025-09-19,98.04,98.04,98.015,98.025,41581.0
202609,IU6,445314925,2025-09-22,98.025,98.04,98.015,98.035,32670.0
202609,IU6,445314925,2025-09-23,98.03,98.045,98.02,98.025,40175.0
202609,IU6,445314925,2025-09-24,98.025,98.035,98.02,98.025,39483.0
202609,IU6,445314925,2025-09-25,98.03,98.03,97.995,98.0,68823.0
202609,IU6,445314925,2025-09-26,98.0,98.02,97.995,98.005,43752.0
202609,IU6,445314925,2025-09-29,98.01,98.025,98.005,98.015,45797.0
202609,IU6,445314925,2025-09-30,98.01,98.025,98.005,98.015,39883.0
202609,IU6,445314925,2025-10-01,98.015,98.04,98.0,98.025,54313.0
202609,IU6,445314925,2025-10-02,98.025,98.035,98.01,98.02,37614.0
202609,IU6,445314925,2025-10-03,98.03,98.035,98.015,98.02,24491.0
202609,IU6,445314925,2025-10-06,98.015,98.045,98.01,98.03,48054.0
202609,IU6,445314925,2025-10-07,98.03,98.035,98.02,98.03,32333.0
202609,IU6,445314925,2025-10-08,98.03,98.06,98.03,98.055,85919.0
202609,IU6,445314925,2025-10-09,98.05,98.055,98.04,98.045,52535.0
202609,IU6,445314925,2025-10-10,98.04,98.09,98.04,98.075,97325.0
202609,IU6,445314925,2025-10-13,98.08,98.105,98.065,98.095,62942.0
202609,IU6,445314925,2025-10-14,98.1,98.135,98.095,98.105,76493.0
202609,IU6,445314925,2025-10-15,98.115,98.125,98.105,98.12,83329.0
202609,IU6,445314925,2025-10-16,98.115,98.16,98.105,98.12,95321.0
202609,IU6,445314925,2025-10-17,98.145,98.165,98.11,98.13,87092.0
202609,IU6,445314925,2025-10-20,98.13,98.135,98.11,98.125,34422.0
202609,IU6,445314925,2025-10-21,98.12,98.135,98.12,98.13,36251.0
202609,IU6,445314925,2025-10-22,98.125,98.15,98.11,98.12,54253.0
202609,IU6,445314925,2025-10-23,98.125,98.125,98.1,98.11,40723.0
202609,IU6,445314925,2025-10-24,98.1,98.115,98.055,98.065,94790.0
202609,IU6,445314925,2025-10-27,98.055,98.07,98.05,98.06,42007.0
202609,IU6,445314925,2025-10-28,98.06,98.075,98.05,98.06,53122.0
202609,IU6,445314925,2025-10-29,98.065,98.07,98.04,98.065,47058.0
202609,IU6,445314925,2025-10-30,98.04,98.055,98.035,98.045,85843.0
202609,IU6,445314925,2025-10-31,98.055,98.07,98.045,98.06,59340.0
202609,IU6,445314925,2025-11-03,98.06,98.065,98.03,98.035,51484.0
202609,IU6,445314925,2025-11-04,98.04,98.055,98.035,98.045,49181.0
202609,IU6,445314925,2025-11-05,98.05,98.06,98.035,98.035,75227.0
202609,IU6,445314925,2025-11-06,98.04,98.05,98.035,98.04,51405.0
202609,IU6,445314925,2025-11-07,98.035,98.055,98.03,98.05,69635.0
202609,IU6,445314925,2025-11-10,98.045,98.045,98.03,98.035,52999.0
202609,IU6,445314925,2025-11-11,98.035,98.045,98.03,98.04,56375.0
202609,IU6,445314925,2025-11-12,98.035,98.04,98.02,98.035,67409.0
202609,IU6,445314925,2025-11-13,98.03,98.03,98.0,98.01,76082.0
202609,IU6,445314925,2025-11-14,98.01,98.02,97.995,98.0,74484.0
202609,IU6,445314925,2025-11-17,98.0,98.005,97.985,97.985,67569.0
202609,IU6,445314925,2025-11-18,97.99,98.02,97.99,98.01,79292.0
202609,IU6,445314925,2025-11-19,98.01,98.03,98.005,98.015,53900.0
202609,IU6,445314925,2025-11-20,98.015,98.02,98.0,98.015,65306.0
202609,IU6,445314925,2025-11-21,98.015,98.05,98.015,98.04,78857.0
202609,IU6,445314925,2025-11-24,98.03,98.04,98.015,98.025,51778.0
202609,IU6,445314925,2025-11-25,98.025,98.035,98.015,98.03,63465.0
202609,IU6,445314925,2025-11-26,98.03,98.04,98.02,98.025,58292.0
202609,IU6,445314925,2025-11-27,98.03,98.03,98.015,98.02,24968.0
202609,IU6,445314925,2025-11-28,98.015,98.02,98.005,98.01,49370.0
202609,IU6,445314925,2025-12-01,98.005,98.01,97.985,97.99,88356.0
202609,IU6,445314925,2025-12-02,97.99,98.01,97.985,98.005,77358.0
202609,IU6,445314925,2025-12-03,98.0,98.015,98.0,98.005,54502.0
202609,IU6,445314925,2025-12-04,98.0,98.0,97.99,97.995,46054.0
202609,IU6,445314925,2025-12-05,98.0,98.0,97.96,97.97,90703.0
202609,IU6,445314925,2025-12-08,97.97,97.97,97.895,97.9,181264.0
202609,IU6,445314925,2025-12-09,97.91,97.925,97.88,97.91,111799.0
202609,IU6,445314925,2025-12-10,97.905,97.915,97.855,97.89,154441.0
202609,IU6,445314925,2025-12-11,97.91,97.92,97.895,97.9,75926.0
202609,IU6,445314925,2025-12-12,97.895,97.91,97.89,97.91,53354.0
202609,IU6,445314925,2025-12-15,97.91,97.92,97.905,97.915,32128.0
202609,IU6,445314925,2025-12-16,97.915,97.93,97.91,97.92,70373.0
202609,IU6,445314925,2025-12-17,97.925,97.94,97.92,97.92,50110.0
202609,IU6,445314925,2025-12-18,97.93,97.94,97.89,97.915,93860.0
202609,IU6,445314925,2025-12-19,97.91,97.92,97.9,97.905,47924.0
202609,IU6,445314925,2025-12-22,97.905,97.915,97.895,97.905,35082.0
202609,IU6,445314925,2025-12-23,97.915,97.92,97.905,97.92,27432.0
202609,IU6,445314925,2025-12-24,97.91,97.92,97.91,97.915,8346.0
202609,IU6,445314925,2025-12-29,97.92,97.94,97.91,97.94,32483.0
202609,IU6,445314925,2025-12-30,97.935,97.95,97.935,97.94,25365.0
202609,IU6,445314925,2025-12-31,97.94,97.945,97.935,97.94,15307.0
202609,IU6,445314925,2026-01-02,97.935,97.945,97.92,97.935,30281.0
202609,IU6,445314925,2026-01-05,97.93,97.94,97.925,97.935,49422.0
202609,IU6,445314925,2026-01-06,97.94,97.97,97.925,97.96,100221.0
202609,IU6,445314925,2026-01-07,97.97,97.99,97.965,97.98,75412.0
202609,IU6,445314925,2026-01-08,97.98,97.985,97.965,97.97,53668.0
202609,IU6,445314925,2026-01-09,97.97,97.975,97.95,97.965,52910.0
202609,IU6,445314925,2026-01-12,97.955,97.97,97.95,97.965,34421.0
202609,IU6,445314925,2026-01-13,97.96,97.97,97.95,97.97,47910.0
202609,IU6,445314925,2026-01-14,97.965,97.975,97.96,97.975,45692.0
202609,IU6,445314925,2026-01-15,97.97,97.97,97.95,97.955,54519.0
202609,IU6,445314925,2026-01-16,97.955,97.955,97.94,97.945,68184.0
202609,IU6,445314925,2026-01-19,97.95,97.985,97.95,97.97,67404.0
202609,IU6,445314925,2026-01-20,97.975,98.005,97.965,97.985,77501.0
202609,IU6,445314925,2026-01-21,98.005,98.01,97.945,97.975,135520.0
202609,IU6,445314925,2026-01-22,97.955,97.975,97.955,97.96,48874.0
202609,IU6,445314925,2026-01-23,97.955,97.965,97.94,97.945,68942.0
202609,IU6,445314925,2026-01-26,97.95,97.965,97.95,97.96,42635.0
202609,IU6,445314925,2026-01-27,97.965,97.985,97.955,97.975,64375.0
202609,IU6,445314925,2026-01-28,97.98,98.01,97.98,97.995,182768.0
202609,IU6,445314925,2026-01-29,97.995,98.015,97.995,98.01,85239.0
202609,IU6,445314925,2026-01-30,98.0,98.005,97.985,97.995,79665.0
202609,IU6,445314925,2026-02-02,97.99,98.0,97.965,97.975,71199.0
202609,IU6,445314925,2026-02-03,97.97,97.975,97.96,97.97,52459.0
202609,IU6,445314925,2026-02-04,97.97,97.995,97.965,97.99,55026.0
202609,IU6,445314925,2026-02-05,97.99,98.005,97.98,97.995,83230.0
202609,IU6,445314925,2026-02-06,98.0,98.015,97.99,97.995,97701.0
202609,IU6,445314925,2026-02-09,97.995,98.01,97.985,98.005,60298.0
202609,IU6,445314925,2026-02-10,98.005,98.005,97.99,98.005,46109.0
202609,IU6,445314925,2026-02-11,98.0,98.01,97.985,98.0,54047.0
202609,IU6,445314925,2026-02-12,97.995,98.01,97.995,98.005,57597.0
202609,IU6,445314925,2026-02-13,98.01,98.03,98.005,98.02,66014.0
202609,IU6,445314925,2026-02-16,98.01,98.025,98.005,98.015,58304.0
202609,IU6,445314925,2026-02-17,98.015,98.035,98.005,98.015,71368.0
202609,IU6,445314925,2026-02-18,98.01,98.015,98.0,98.005,50376.0
202609,IU6,445314925,2026-02-19,98.005,98.01,97.99,98.0,36826.0
202609,IU6,445314925,2026-02-20,98.005,98.005,97.985,97.99,40838.0
202609,IU6,445314925,2026-02-23,98.005,98.01,97.99,98.0,60104.0
202609,IU6,445314925,2026-02-24,97.995,98.0,97.98,97.985,61374.0
202609,IU6,445314925,2026-02-25,97.985,97.995,97.975,97.985,43540.0
202609,IU6,445314925,2026-02-26,97.99,98.0,97.985,97.99,38359.0
202609,IU6,445314925,2026-02-27,97.99,98.015,97.98,98.005,95328.0
202609,IU6,445314925,2026-03-02,98.01,98.01,97.93,97.945,225870.0
202609,IU6,445314925,2026-03-03,97.94,97.94,97.78,97.84,418653.0
202609,IU6,445314925,2026-03-04,97.875,97.895,97.805,97.89,199615.0
202609,IU6,445314925,2026-03-05,97.875,97.88,97.755,97.785,309659.0
202609,IU6,445314925,2026-03-06,97.81,97.81,97.61,97.695,395913.0
202609,IU6,445314925,2026-03-09,97.57,97.755,97.4,97.63,347621.0
202609,IU6,445314925,2026-03-10,97.75,97.805,97.645,97.755,244785.0
202609,IU6,445314925,2026-03-11,97.68,97.72,97.54,97.57,242694.0
202609,IU6,445314925,2026-03-12,97.53,97.595,97.46,97.54,186523.0
202609,IU6,445314925,2026-03-13,97.495,97.595,97.47,97.525,158855.0
202609,IU6,445314925,2026-03-16,97.515,97.58,97.495,97.55,114253.0
202609,IU6,445314925,2026-03-17,97.57,97.605,97.535,97.58,134331.0
202609,IU6,445314925,2026-03-18,97.575,97.615,97.415,97.495,209647.0
202609,IU6,445314925,2026-03-19,97.425,97.445,97.23,97.335,324576.0
202609,IU6,445314925,2026-03-20,97.35,97.37,97.155,97.23,282029.0
202609,IU6,445314925,2026-03-23,97.165,97.44,97.065,97.29,281107.0
202609,IU6,445314925,2026-03-24,97.285,97.31,97.13,97.205,193665.0
202609,IU6,445314925,2026-03-25,97.29,97.325,97.235,97.28,164208.0
202609,IU6,445314925,2026-03-26,97.24,97.255,97.13,97.19,147042.0
202609,IU6,445314925,2026-03-27,97.145,97.24,97.11,97.195,151344.0
202609,IU6,445314925,2026-03-30,97.215,97.265,97.2,97.255,105342.0
202609,IU6,445314925,2026-03-31,97.24,97.335,97.225,97.255,166360.0
202609,IU6,445314925,2026-04-01,97.32,97.39,97.3,97.315,139673.0
202609,IU6,445314925,2026-04-02,97.32,97.325,97.21,97.275,119452.0
202609,IU6,445314925,2026-04-07,97.255,97.275,97.145,97.15,153704.0
202609,IU6,445314925,2026-04-08,97.32,97.475,97.32,97.435,255295.0
202609,IU6,445314925,2026-04-09,97.4,97.42,97.35,97.375,178480.0
202609,IU6,445314925,2026-04-10,97.395,97.395,97.315,97.355,133482.0
202609,IU6,445314925,2026-04-13,97.28,97.335,97.27,97.29,147159.0
202609,IU6,445314925,2026-04-14,97.31,97.42,97.31,97.395,123730.0
202609,IU6,445314925,2026-04-15,97.42,97.44,97.4,97.415,105575.0
202609,IU6,445314925,2026-04-16,97.435,97.49,97.41,97.45,185557.0
202609,IU6,445314925,2026-04-17,97.415,97.61,97.415,97.56,190671.0
202609,IU6,445314925,2026-04-20,97.52,97.545,97.49,97.515,92638.0
202609,IU6,445314925,2026-04-21,97.515,97.53,97.365,97.455,102063.0
202609,IU6,445314925,2026-04-22,97.39,97.46,97.38,97.415,104388.0
202609,IU6,445314925,2026-04-23,97.4,97.42,97.315,97.405,142469.0
202609,IU6,445314925,2026-04-24,97.35,97.43,97.34,97.395,86708.0
202609,IU6,445314925,2026-04-27,97.41,97.435,97.375,97.39,62609.0
202609,IU6,445314925,2026-04-28,97.4,97.4,97.28,97.315,142877.0
202609,IU6,445314925,2026-04-29,97.29,97.31,97.18,97.24,137725.0
202609,IU6,445314925,2026-04-30,97.2,97.33,97.185,97.295,160121.0
202609,IU6,445314925,2026-05-04,97.295,97.32,97.205,97.25,97754.0
202609,IU6,445314925,2026-05-05,97.23,97.295,97.23,97.275,98903.0
202609,IU6,445314925,2026-05-06,97.28,97.48,97.275,97.405,230012.0
202609,IU6,445314925,2026-05-07,97.385,97.455,97.335,97.405,162521.0
202609,IU6,445314925,2026-05-08,97.345,97.4,97.345,97.38,107926.0
202609,IU6,445314925,2026-05-11,97.37,97.385,97.32,97.33,69830.0
202609,IU6,445314925,2026-05-12,97.32,97.32,97.275,97.3,131202.0
202609,IU6,445314925,2026-05-13,97.29,97.34,97.285,97.315,103973.0
202609,IU6,445314925,2026-05-14,97.33,97.375,97.325,97.36,89239.0
202609,IU6,445314925,2026-05-15,97.335,97.35,97.295,97.32,127774.0
202609,IU6,445314925,2026-05-18,97.32,97.375,97.305,97.34,130516.0
202609,IU6,445314925,2026-05-19,97.345,97.365,97.325,97.34,96370.0
202609,IU6,445314925,2026-05-20,97.35,97.445,97.34,97.395,177594.0
202609,IU6,445314925,2026-05-21,97.405,97.45,97.365,97.385,174679.0
202609,IU6,445314925,2026-05-22,97.425,97.445,97.4,97.41,104749.0
202609,IU6,445314925,2026-05-25,97.455,97.535,97.455,97.51,79517.0
202609,IU6,445314925,2026-05-26,97.525,97.525,97.42,97.435,172979.0
202609,IU6,445314925,2026-05-27,97.44,97.465,97.42,97.44,142584.0
202609,IU6,445314925,2026-05-28,97.445,97.49,97.405,97.465,116924.0
202609,IU6,445314925,2026-05-29,97.47,97.495,97.455,97.485,132227.0
202609,IU6,445314925,2026-06-01,97.465,97.47,97.385,97.4,140722.0
202609,IU6,445314925,2026-06-02,97.44,97.445,97.39,97.405,94264.0
202609,IU6,445314925,2026-06-03,97.385,97.4,97.365,97.385,97105.0
202609,IU6,445314925,2026-06-04,97.38,97.42,97.38,97.405,111372.0
202609,IU6,445314925,2026-06-05,97.405,97.42,97.37,97.38,125140.0
202609,IU6,445314925,2026-06-08,97.375,97.385,97.335,97.365,132244.0
202609,IU6,445314925,2026-06-09,97.355,97.395,97.35,97.38,110649.0
202609,IU6,445314925,2026-06-10,97.375,97.39,97.345,97.365,144441.0
202609,IU6,445314925,2026-06-11,97.345,97.45,97.335,97.395,312855.0
202609,IU6,445314925,2026-06-12,97.44,97.45,97.415,97.43,213682.0
202609,IU6,445314925,2026-06-15,97.465,97.485,97.445,97.46,191326.0
202609,IU6,445314925,2026-06-16,97.45,97.47,97.44,97.455,96995.0
202609,IU6,445314925,2026-06-17,97.46,97.475,97.415,97.45,130662.0
202609,IU6,445314925,2026-06-18,97.41,97.455,97.41,97.45,136396.0
202609,IU6,445314925,2026-06-19,97.435,97.445,97.425,97.43,97846.0
202609,IU6,445314925,2026-06-22,97.425,97.47,97.425,97.46,113161.0
202609,IU6,445314925,2026-06-23,97.455,97.475,97.455,97.465,79510.0
202609,IU6,445314925,2026-06-24,97.465,97.495,97.465,97.485,113077.0
202609,IU6,445314925,2026-06-25,97.48,97.505,97.475,97.49,148423.0
202609,IU6,445314925,2026-06-26,97.485,97.515,97.485,97.505,127679.0
202609,IU6,445314925,2026-06-29,97.5,97.505,97.48,97.49,80077.0
202609,IU6,445314925,2026-06-30,97.49,97.515,97.485,97.495,171581.0
202609,IU6,445314925,2026-07-01,97.495,97.525,97.485,97.515,176933.0
202609,IU6,445314925,2026-07-02,97.515,97.55,97.51,97.545,137987.0
202609,IU6,445314925,2026-07-03,97.54,97.55,97.53,97.535,62452.0
202609,IU6,445314925,2026-07-06,97.53,97.545,97.52,97.53,71843.0
202609,IU6,445314925,2026-07-07,97.525,97.525,97.445,97.5,116767.0
202609,IU6,445314925,2026-07-08,97.465,97.475,97.405,97.42,321469.0
202609,IU6,445314925,2026-07-09,97.425,97.455,97.425,97.44,108182.0
202609,IU6,445314925,2026-07-10,97.45,97.46,97.43,97.44,120062.0
202609,IU6,445314925,2026-07-13,97.43,97.435,97.365,97.4,149767.0
202609,IU6,445314925,2026-07-14,97.365,97.41,97.335,97.405,207311.0
202609,IU6,445314925,2026-07-15,97.38,97.415,97.375,97.41,123825.0
202609,IU6,445314925,2026-07-16,97.395,97.405,97.385,97.4,77053.0
202609,IU6,445314925,2026-07-17,97.4,97.41,97.385,97.4,123334.0
202609,IU6,445314925,2026-07-20,97.39,97.415,97.38,97.4,111621.0
202609,IU6,445314925,2026-07-21,97.4,97.415,97.395,97.41,65845.0
202609,IU6,445314925,2026-07-22,97.405,97.41,97.39,97.395,84877.0
202609,IU6,445314925,2026-07-23,97.39,97.4,97.375,97.385,140264.0
202609,IU6,445314925,2026-07-24,97.385,97.41,97.38,97.4,80672.0
202609,IU6,445314925,2026-07-27,97.405,97.425,97.405,97.41,84770.0
202609,IU6,445314925,2026-07-28,97.41,97.435,97.405,97.42,66877.0
202609,IU6,445314925,2026-07-29,97.42,97.425,97.395,97.4,79297.0
202609,IU6,445314925,2026-07-30,97.41,97.425,97.4,97.415,56750.0
202609,IU6,445314925,2026-07-31,97.415,97.425,97.4,97.405,42960.0
202609,IU6,445314925,2026-08-03,97.415,97.425,97.41,97.415,39396.0
202609,IU6,445314925,2026-08-04,97.41,97.445,97.405,97.42,97886.0
202609,IU6,445314925,2026-08-05,97.44,97.445,97.42,97.43,116666.0
202609,IU6,445314925,2026-08-06,97.435,97.435,97.415,97.43,65633.0
202609,IU6,445314925,2026-08-07,97.42,97.435,97.42,97.425,54347.0
202609,IU6,445314925,2026-08-10,97.43,97.435,97.405,97.415,50843.0
202609,IU6,445314925,2026-08-11,97.41,97.415,97.4,97.41,84700.0
202609,IU6,445314925,2026-08-12,97.405,97.415,97.395,97.4,42696.0
202609,IU6,445314925,2026-08-13,97.395,97.415,97.395,97.41,56104.0
202609,IU6,445314925,2026-08-14,97.41,97.41,97.395,97.4,40274.0
202609,IU6,445314925,2026-08-17,97.4,97.41,97.395,97.4,49510.0
202609,IU6,445314925,2026-08-18,97.395,97.4,97.385,97.39,57978.0
202609,IU6,445314925,2026-08-19,97.39,97.4,97.385,97.39,45116.0
202609,IU6,445314925,2026-08-20,97.39,97.4,97.385,97.395,33062.0
202609,IU6,445314925,2026-08-21,97.395,97.4,97.385,97.395,52808.0
202609,IU6,445314925,2026-08-24,97.39,97.395,97.38,97.385,60626.0
202609,IU6,445314925,2026-08-25,97.385,97.4,97.375,97.385,48155.0
202609,IU6,445314925,2026-08-26,97.4,97.4,97.38,97.385,55253.0
202609,IU6,445314925,2026-08-27,97.385,97.39,97.38,97.385,32734.0
202609,IU6,445314925,2026-08-28,97.38,97.39,97.375,97.38,81736.0
202609,IU6,445314925,2026-08-31,97.38,97.385,97.365,97.375,47927.0
202609,IU6,445314925,2026-09-01,97.365,97.37,97.35,97.365,73968.0
202609,IU6,445314925,2026-09-02,97.35,97.36,97.34,97.345,117701.0
202609,IU6,445314925,2026-09-03,97.35,97.365,97.345,97.355,82225.0
202609,IU6,445314925,2026-09-04,97.35,97.36,97.345,97.35,85441.0
202609,IU6,445314925,2026-09-07,97.35,97.355,97.345,97.355,26020.0
202609,IU6,445314925,2026-09-08,97.355,97.365,97.35,97.365,41472.0
202609,IU6,445314925,2026-09-09,97.36,97.365,97.35,97.36,58730.0
202609,IU6,445314925,2026-09-10,97.35,97.36,97.29,97.31,355375.0
202609,IU6,445314925,2026-09-11,97.3,97.315,97.29,97.31,233770.0
202609,IU6,445314925,2026-09-14,97.31,97.335,97.305,97.335,27009.0
202606,IM6,427409858,2024-06-17,97.45,97.5,97.425,97.45,63980.0
202606,IM6,427409858,2024-06-18,97.45,97.49,97.43,97.475,43894.0
202606,IM6,427409858,2024-06-19,97.465,97.505,97.43,97.455,32788.0
202606,IM6,427409858,2024-06-20,97.435,97.46,97.405,97.415,39680.0
202606,IM6,427409858,2024-06-21,97.42,97.515,97.415,97.455,46113.0
202606,IM6,427409858,2024-06-24,97.465,97.47,97.42,97.435,29188.0
202606,IM6,427409858,2024-06-25,97.45,97.475,97.43,97.45,24704.0
202606,IM6,427409858,2024-06-26,97.445,97.445,97.4,97.41,36953.0
202606,IM6,427409858,2024-06-27,97.4,97.405,97.37,97.395,29949.0
202606,IM6,427409858,2024-06-28,97.395,97.415,97.36,97.375,39294.0
202606,IM6,427409858,2024-07-01,97.36,97.37,97.29,97.295,51805.0
202606,IM6,427409858,2024-07-02,97.305,97.36,97.3,97.335,41417.0
202606,IM6,427409858,2024-07-03,97.34,97.39,97.3,97.38,42272.0
202606,IM6,427409858,2024-07-04,97.355,97.365,97.325,97.33,23668.0
202606,IM6,427409858,2024-07-05,97.325,97.415,97.315,97.405,37554.0
202606,IM6,427409858,2024-07-08,97.4,97.42,97.36,97.405,31922.0
202606,IM6,427409858,2024-07-09,97.4,97.4,97.36,97.37,22773.0
202606,IM6,427409858,2024-07-10,97.39,97.43,97.38,97.415,26644.0
202606,IM6,427409858,2024-07-11,97.42,97.535,97.39,97.53,47939.0
202606,IM6,427409858,2024-07-12,97.495,97.505,97.46,97.49,34215.0
202606,IM6,427409858,2024-07-15,97.485,97.555,97.46,97.535,37367.0
202606,IM6,427409858,2024-07-16,97.53,97.61,97.53,97.585,38830.0
202606,IM6,427409858,2024-07-17,97.6,97.605,97.555,97.58,38120.0
202606,IM6,427409858,2024-07-18,97.59,97.63,97.555,97.62,49990.0
202606,IM6,427409858,2024-07-19,97.585,97.62,97.55,97.575,37488.0
202606,IM6,427409858,2024-07-22,97.56,97.58,97.505,97.535,32218.0
202606,IM6,427409858,2024-07-23,97.53,97.59,97.525,97.575,36385.0
202606,IM6,427409858,2024-07-24,97.57,97.63,97.565,97.615,47896.0
202606,IM6,427409858,2024-07-25,97.59,97.69,97.59,97.62,64519.0
202606,IM6,427409858,2024-07-26,97.605,97.655,97.57,97.635,41262.0
202606,IM6,427409858,2024-07-29,97.635,97.685,97.63,97.665,31126.0
202606,IM6,427409858,2024-07-30,97.67,97.74,97.66,97.72,55984.0
202606,IM6,427409858,2024-07-31,97.72,97.79,97.72,97.735,62742.0
202606,IM6,427409858,2024-08-01,97.78,97.82,97.74,97.805,53888.0
202606,IM6,427409858,2024-08-02,97.805,97.91,97.785,97.855,80227.0
202606,IM6,427409858,2024-08-05,97.865,97.975,97.795,97.84,79196.0
202606,IM6,427409858,2024-08-06,97.81,97.88,97.755,97.82,45026.0
202606,IM6,427409858,2024-08-07,97.805,97.835,97.75,97.79,46905.0
202606,IM6,427409858,2024-08-08,97.81,97.855,97.77,97.8,49513.0
202606,IM6,427409858,2024-08-09,97.815,97.85,97.805,97.835,39494.0
202606,IM6,427409858,2024-08-12,97.82,97.855,97.805,97.825,21727.0
202606,IM6,427409858,2024-08-13,97.845,97.9,97.835,97.9,20562.0
202606,IM6,427409858,2024-08-14,97.885,97.91,97.845,97.895,29986.0
202606,IM6,427409858,2024-08-15,97.87,97.89,97.765,97.785,27322.0
202606,IM6,427409858,2024-08-16,97.78,97.835,97.77,97.79,25609.0
202606,IM6,427409858,2024-08-19,97.795,97.835,97.775,97.79,25168.0
202606,IM6,427409858,2024-08-20,97.785,97.855,97.775,97.85,22001.0
202606,IM6,427409858,2024-08-21,97.85,97.905,97.835,97.875,29683.0
202606,IM6,427409858,2024-08-22,97.885,97.915,97.82,97.83,25076.0
202606,IM6,427409858,2024-08-23,97.825,97.88,97.81,97.87,22385.0
202606,IM6,427409858,2024-08-26,97.88,97.9,97.825,97.85,16101.0
202606,IM6,427409858,2024-08-27,97.84,97.85,97.805,97.83,23538.0
202606,IM6,427409858,2024-08-28,97.845,97.865,97.83,97.845,24679.0
202606,IM6,427409858,2024-08-29,97.845,97.895,97.825,97.855,38149.0
202606,IM6,427409858,2024-08-30,97.86,97.88,97.825,97.845,39271.0
202606,IM6,427409858,2024-09-02,97.825,97.835,97.805,97.81,33507.0
202606,IM6,427409858,2024-09-03,97.815,97.89,97.795,97.865,57410.0
202606,IM6,427409858,2024-09-04,97.88,97.95,97.88,97.93,46147.0
202606,IM6,427409858,2024-09-05,97.945,97.97,97.92,97.945,36512.0
202606,IM6,427409858,2024-09-06,97.955,98.03,97.92,98.0,50460.0
202606,IM6,427409858,2024-09-09,97.975,98.03,97.95,98.025,35464.0
202606,IM6,427409858,2024-09-10,98.03,98.08,98.01,98.05,37759.0
202606,IM6,427409858,2024-09-11,98.08,98.135,98.035,98.125,67220.0
202606,IM6,427409858,2024-09-12,98.11,98.115,98.02,98.05,56085.0
202606,IM6,427409858,2024-09-13,98.035,98.1,98.03,98.04,42198.0
202606,IM6,427409858,2024-09-16,98.055,98.09,98.025,98.085,35845.0
202606,IM6,427409858,2024-09-17,98.085,98.12,98.02,98.025,63349.0
202606,IM6,427409858,2024-09-18,98.02,98.03,97.965,97.98,38273.0
202606,IM6,427409858,2024-09-19,97.975,98.03,97.96,98.025,39407.0
202606,IM6,427409858,2024-09-20,98.01,98.035,97.96,97.96,40366.0
202606,IM6,427409858,2024-09-23,98.005,98.09,97.99,98.06,45704.0
202606,IM6,427409858,2024-09-24,98.09,98.145,98.045,98.135,59449.0
202606,IM6,427409858,2024-09-25,98.13,98.13,98.075,98.085,51024.0
202606,IM6,427409858,2024-09-26,98.085,98.145,98.08,98.1,56166.0
202606,IM6,427409858,2024-09-27,98.085,98.145,98.07,98.12,50308.0
202606,IM6,427409858,2024-09-30,98.13,98.16,98.075,98.13,72636.0
202606,IM6,427409858,2024-10-01,98.12,98.23,98.12,98.185,59387.0
202606,IM6,427409858,2024-10-02,98.19,98.205,98.135,98.15,53370.0
202606,IM6,427409858,2024-10-03,98.15,98.16,98.08,98.11,40870.0
202606,IM6,427409858,2024-10-04,98.085,98.095,97.94,97.96,73175.0
202606,IM6,427409858,2024-10-07,97.94,97.95,97.87,97.89,76527.0
202606,IM6,427409858,2024-10-08,97.9,97.935,97.895,97.915,49018.0
202606,IM6,427409858,2024-10-09,97.93,97.955,97.875,97.9,30757.0
202606,IM6,427409858,2024-10-10,97.88,97.945,97.83,97.91,58215.0
202606,IM6,427409858,2024-10-11,97.94,97.97,97.89,97.925,49181.0
202606,IM6,427409858,2024-10-14,97.955,97.97,97.925,97.93,23738.0
202606,IM6,427409858,2024-10-15,97.955,98.015,97.955,98.005,42084.0
202606,IM6,427409858,2024-10-16,97.995,98.05,97.995,98.045,48377.0
202606,IM6,427409858,2024-10-17,98.035,98.095,98.015,98.06,65942.0
202606,IM6,427409858,2024-10-18,98.08,98.115,98.05,98.105,42709.0
202606,IM6,427409858,2024-10-21,98.1,98.105,98.005,98.015,34243.0
202606,IM6,427409858,2024-10-22,98.005,98.04,97.965,97.995,57475.0
202606,IM6,427409858,2024-10-23,98.02,98.04,98.0,98.01,66062.0
202606,IM6,427409858,2024-10-24,98.0,98.09,97.995,98.06,48706.0
202606,IM6,427409858,2024-10-25,98.025,98.055,97.995,98.02,49074.0
202606,IM6,427409858,2024-10-28,97.98,98.085,97.965,98.045,55013.0
202606,IM6,427409858,2024-10-29,98.06,98.075,98.0,98.01,46089.0
202606,IM6,427409858,2024-10-30,98.035,98.04,97.845,97.905,73215.0
202606,IM6,427409858,2024-10-31,97.845,97.885,97.765,97.845,88413.0
202606,IM6,427409858,2024-11-01,97.865,97.935,97.835,97.88,49811.0
202606,IM6,427409858,2024-11-04,97.885,97.905,97.83,97.86,34971.0
202606,IM6,427409858,2024-11-05,97.85,97.86,97.785,97.805,45560.0
202606,IM6,427409858,2024-11-06,97.795,97.965,97.77,97.93,71634.0
202606,IM6,427409858,2024-11-07,97.93,97.985,97.875,97.945,65602.0
202606,IM6,427409858,2024-11-08,97.945,98.0,97.93,97.955,37008.0
202606,IM6,427409858,2024-11-11,97.985,98.05,97.97,98.045,30859.0
202606,IM6,427409858,2024-11-12,98.04,98.07,97.995,98.045,43627.0
202606,IM6,427409858,2024-11-13,98.0,98.03,97.96,98.015,57650.0
202606,IM6,427409858,2024-11-14,97.99,98.085,97.975,98.065,46087.0
202606,IM6,427409858,2024-11-15,98.055,98.075,98.0,98.05,37571.0
202606,IM6,427409858,2024-11-18,98.06,98.06,97.965,98.005,41489.0
202606,IM6,427409858,2024-11-19,98.01,98.08,97.995,98.01,57432.0
202606,IM6,427409858,2024-11-20,97.995,98.01,97.96,97.985,35875.0
202606,IM6,427409858,2024-11-21,97.975,98.035,97.965,98.02,37526.0
202606,IM6,427409858,2024-11-22,98.01,98.14,97.985,98.095,93021.0
202606,IM6,427409858,2024-11-25,98.095,98.125,98.07,98.11,39156.0
202606,IM6,427409858,2024-11-26,98.1,98.115,98.06,98.08,53028.0
202606,IM6,427409858,2024-11-27,98.1,98.125,98.07,98.075,46661.0
202606,IM6,427409858,2024-11-28,98.075,98.15,98.07,98.135,39453.0
202606,IM6,427409858,2024-11-29,98.14,98.215,98.125,98.19,48380.0
202606,IM6,427409858,2024-12-02,98.2,98.275,98.19,98.265,50562.0
202606,IM6,427409858,2024-12-03,98.27,98.28,98.215,98.235,46382.0
202606,IM6,427409858,2024-12-04,98.235,98.25,98.175,98.215,52101.0
202606,IM6,427409858,2024-12-05,98.24,98.25,98.14,98.145,40878.0
202606,IM6,427409858,2024-12-06,98.16,98.19,98.12,98.16,39687.0
202606,IM6,427409858,2024-12-09,98.19,98.22,98.16,98.19,26749.0
202606,IM6,427409858,2024-12-10,98.185,98.225,98.17,98.205,40112.0
202606,IM6,427409858,2024-12-11,98.205,98.26,98.195,98.225,35168.0
202606,IM6,427409858,2024-12-12,98.21,98.25,98.095,98.16,71696.0
202606,IM6,427409858,2024-12-13,98.105,98.135,98.04,98.08,47320.0
202606,IM6,427409858,2024-12-16,98.055,98.11,98.055,98.1,40571.0
202606,IM6,427409858,2024-12-17,98.095,98.105,98.055,98.075,41515.0
202606,IM6,427409858,2024-12-18,98.065,98.1,98.0,98.085,38115.0
202606,IM6,427409858,2024-12-19,98.005,98.06,98.0,98.03,40382.0
202606,IM6,427409858,2024-12-20,98.045,98.115,98.04,98.075,44784.0
202606,IM6,427409858,2024-12-23,98.06,98.065,98.02,98.035,29615.0
202606,IM6,427409858,2024-12-24,98.04,98.045,98.015,98.025,5788.0
202606,IM6,427409858,2024-12-27,98.03,98.045,97.97,97.99,36517.0
202606,IM6,427409858,2024-12-30,97.975,98.03,97.97,98.025,27808.0
202606,IM6,427409858,2024-12-31,98.03,98.05,98.02,98.025,6896.0
202606,IM6,427409858,2025-01-02,98.02,98.09,97.995,98.025,48675.0
202606,IM6,427409858,2025-01-03,98.015,98.03,97.915,97.93,65625.0
202606,IM6,427409858,2025-01-06,97.915,97.92,97.86,97.865,71850.0
202606,IM6,427409858,2025-01-07,97.885,97.91,97.87,97.885,70474.0
202606,IM6,427409858,2025-01-08,97.895,97.91,97.85,97.895,56339.0
202606,IM6,427409858,2025-01-09,97.885,97.895,97.835,97.855,52615.0
202606,IM6,427409858,2025-01-10,97.84,97.84,97.76,97.79,67147.0
202606,IM6,427409858,2025-01-13,97.76,97.775,97.72,97.765,54930.0
202606,IM6,427409858,2025-01-14,97.765,97.8,97.72,97.74,56647.0
202606,IM6,427409858,2025-01-15,97.735,97.855,97.725,97.835,75477.0
202606,IM6,427409858,2025-01-16,97.83,97.875,97.805,97.86,66519.0
202606,IM6,427409858,2025-01-17,97.855,97.89,97.85,97.87,46019.0
202606,IM6,427409858,2025-01-20,97.875,97.885,97.84,97.875,42681.0
202606,IM6,427409858,2025-01-21,97.875,97.9,97.84,97.88,48228.0
202606,IM6,427409858,2025-01-22,97.87,97.9,97.845,97.865,37290.0
202606,IM6,427409858,2025-01-23,97.855,97.87,97.815,97.83,42689.0
202606,IM6,427409858,2025-01-24,97.84,97.85,97.75,97.775,74721.0
202606,IM6,427409858,2025-01-27,97.785,97.85,97.775,97.8,64303.0
202606,IM6,427409858,2025-01-28,97.81,97.815,97.78,97.79,47852.0
202606,IM6,427409858,2025-01-29,97.805,97.825,97.76,97.785,48059.0
202606,IM6,427409858,2025-01-30,97.785,97.885,97.785,97.865,103349.0
202606,IM6,427409858,2025-01-31,97.86,97.98,97.84,97.97,112969.0
202606,IM6,427409858,2025-02-03,98.055,98.085,98.0,98.055,110470.0
202606,IM6,427409858,2025-02-04,98.03,98.055,98.0,98.04,56196.0
202606,IM6,427409858,2025-02-05,98.05,98.09,98.03,98.05,60236.0
202606,IM6,427409858,2025-02-06,98.03,98.055,98.0,98.04,72454.0
202606,IM6,427409858,2025-02-07,98.03,98.06,97.985,98.03,49544.0
202606,IM6,427409858,2025-02-10,98.05,98.085,98.03,98.075,41809.0
202606,IM6,427409858,2025-02-11,98.07,98.075,97.995,98.005,59310.0
202606,IM6,427409858,2025-02-12,98.005,98.005,97.915,97.93,69280.0
202606,IM6,427409858,2025-02-13,97.945,98.0,97.925,97.99,66631.0
202606,IM6,427409858,2025-02-14,97.995,97.995,97.93,97.965,59217.0
202606,IM6,427409858,2025-02-17,97.93,97.95,97.91,97.945,46748.0
202606,IM6,427409858,2025-02-18,97.935,97.95,97.915,97.94,42967.0
202606,IM6,427409858,2025-02-19,97.925,97.935,97.88,97.9,62983.0
202606,IM6,427409858,2025-02-20,97.9,97.93,97.885,97.92,44963.0
202606,IM6,427409858,2025-02-21,97.92,98.01,97.92,97.98,57471.0
202606,IM6,427409858,2025-02-24,97.975,98.005,97.955,97.995,44848.0
202606,IM6,427409858,2025-02-25,97.98,98.03,97.975,98.02,64682.0
202606,IM6,427409858,2025-02-26,98.015,98.055,97.995,98.025,48120.0
202606,IM6,427409858,2025-02-27,98.045,98.07,98.02,98.065,66011.0
202606,IM6,427409858,2025-02-28,98.085,98.11,98.055,98.08,88285.0
202606,IM6,427409858,2025-03-03,98.075,98.105,97.995,98.015,96837.0
202606,IM6,427409858,2025-03-04,98.07,98.115,97.975,98.085,137334.0
202606,IM6,427409858,2025-03-05,97.98,97.995,97.775,97.79,227810.0
202606,IM6,427409858,2025-03-06,97.765,97.85,97.72,97.765,202365.0
202606,IM6,427409858,2025-03-07,97.815,97.855,97.775,97.81,99582.0
202606,IM6,427409858,2025-03-10,97.78,97.87,97.78,97.855,82028.0
202606,IM6,427409858,2025-03-11,97.87,97.885,97.81,97.85,72707.0
202606,IM6,427409858,2025-03-12,97.825,97.86,97.785,97.81,86075.0
202606,IM6,427409858,2025-03-13,97.835,97.885,97.8,97.865,65268.0
202606,IM6,427409858,2025-03-14,97.87,97.885,97.83,97.85,62719.0
202606,IM6,427409858,2025-03-17,97.865,97.88,97.845,97.87,67221.0
202606,IM6,427409858,2025-03-18,97.855,97.89,97.84,97.88,65694.0
202606,IM6,427409858,2025-03-19,97.875,97.915,97.855,97.865,51941.0
202606,IM6,427409858,2025-03-20,97.905,97.915,97.875,97.885,54710.0
202606,IM6,427409858,2025-03-21,97.89,97.945,97.89,97.935,54224.0
202606,IM6,427409858,2025-03-24,97.93,97.94,97.905,97.925,50406.0
202606,IM6,427409858,2025-03-25,97.935,97.94,97.88,97.91,45832.0
202606,IM6,427409858,2025-03-26,97.905,97.97,97.905,97.92,51514.0
202606,IM6,427409858,2025-03-27,97.965,97.995,97.95,97.985,75869.0
202606,IM6,427409858,2025-03-28,97.99,98.045,97.985,98.03,74414.0
202606,IM6,427409858,2025-03-31,98.04,98.1,98.0,98.02,95996.0
202606,IM6,427409858,2025-04-01,98.02,98.08,98.01,98.04,75517.0
202606,IM6,427409858,2025-04-02,98.045,98.09,98.015,98.04,70655.0
202606,IM6,427409858,2025-04-03,98.12,98.16,98.09,98.15,148759.0
202606,IM6,427409858,2025-04-04,98.155,98.3,98.155,98.225,195844.0
202606,IM6,427409858,2025-04-07,98.25,98.34,98.13,98.22,166693.0
202606,IM6,427409858,2025-04-08,98.2,98.285,98.155,98.195,158947.0
202606,IM6,427409858,2025-04-09,98.285,98.32,98.02,98.28,183631.0
202606,IM6,427409858,2025-04-10,98.065,98.255,98.06,98.21,118438.0
202606,IM6,427409858,2025-04-11,98.205,98.285,98.15,98.22,165992.0
202606,IM6,427409858,2025-04-14,98.17,98.285,98.17,98.26,62635.0
202606,IM6,427409858,2025-04-15,98.275,98.295,98.245,98.28,77690.0
202606,IM6,427409858,2025-04-16,98.275,98.32,98.275,98.295,63725.0
202606,IM6,427409858,2025-04-17,98.305,98.375,98.225,98.36,163977.0
202606,IM6,427409858,2025-04-22,98.355,98.415,98.355,98.39,76800.0
202606,IM6,427409858,2025-04-23,98.365,98.375,98.285,98.305,110084.0
202606,IM6,427409858,2025-04-24,98.305,98.37,98.305,98.355,78591.0
202606,IM6,427409858,2025-04-25,98.365,98.365,98.305,98.315,75783.0
202606,IM6,427409858,2025-04-28,98.32,98.33,98.295,98.32,46361.0
202606,IM6,427409858,2025-04-29,98.315,98.34,98.295,98.315,65287.0
202606,IM6,427409858,2025-04-30,98.3,98.36,98.29,98.345,65917.0
202606,IM6,427409858,2025-05-02,98.345,98.345,98.26,98.29,78703.0
202606,IM6,427409858,2025-05-05,98.265,98.315,98.245,98.29,33806.0
202606,IM6,427409858,2025-05-06,98.28,98.32,98.275,98.31,48891.0
202606,IM6,427409858,2025-05-07,98.305,98.35,98.3,98.33,45993.0
202606,IM6,427409858,2025-05-08,98.335,98.34,98.255,98.29,52187.0
202606,IM6,427409858,2025-05-09,98.26,98.28,98.25,98.265,67266.0
202606,IM6,427409858,2025-05-12,98.255,98.255,98.115,98.125,138773.0
202606,IM6,427409858,2025-05-13,98.11,98.14,98.1,98.13,66747.0
202606,IM6,427409858,2025-05-14,98.11,98.15,98.1,98.14,67359.0
202606,IM6,427409858,2025-05-15,98.115,98.195,98.115,98.18,71582.0
202606,IM6,427409858,2025-05-16,98.19,98.22,98.175,98.205,63182.0
202606,IM6,427409858,2025-05-19,98.19,98.22,98.16,98.21,53093.0
202606,IM6,427409858,2025-05-20,98.22,98.24,98.19,98.205,51581.0
202606,IM6,427409858,2025-05-21,98.215,98.215,98.175,98.19,44436.0
202606,IM6,427409858,2025-05-22,98.18,98.235,98.17,98.225,65210.0
202606,IM6,427409858,2025-05-23,98.225,98.37,98.215,98.29,121070.0
202606,IM6,427409858,2025-05-26,98.255,98.285,98.23,98.27,28328.0
202606,IM6,427409858,2025-05-27,98.28,98.3,98.27,98.28,41204.0
202606,IM6,427409858,2025-05-28,98.275,98.29,98.255,98.27,44420.0
202606,IM6,427409858,2025-05-29,98.275,98.3,98.225,98.29,51154.0
202606,IM6,427409858,2025-05-30,98.295,98.305,98.26,98.27,52047.0
202606,IM6,427409858,2025-06-02,98.285,98.29,98.25,98.28,47580.0
202606,IM6,427409858,2025-06-03,98.275,98.31,98.275,98.295,59724.0
202606,IM6,427409858,2025-06-04,98.305,98.31,98.26,98.275,55664.0
202606,IM6,427409858,2025-06-05,98.285,98.305,98.17,98.185,166901.0
202606,IM6,427409858,2025-06-06,98.175,98.215,98.165,98.175,75875.0
202606,IM6,427409858,2025-06-09,98.19,98.215,98.17,98.185,57823.0
202606,IM6,427409858,2025-06-10,98.185,98.22,98.18,98.205,53013.0
202606,IM6,427409858,2025-06-11,98.215,98.235,98.2,98.225,52572.0
202606,IM6,427409858,2025-06-12,98.23,98.255,98.215,98.24,58204.0
202606,IM6,427409858,2025-06-13,98.245,98.28,98.185,98.195,87604.0
202606,IM6,427409858,2025-06-16,98.185,98.22,98.16,98.21,79967.0
202606,IM6,427409858,2025-06-17,98.205,98.215,98.175,98.19,66442.0
202606,IM6,427409858,2025-06-18,98.185,98.215,98.17,98.205,52495.0
202606,IM6,427409858,2025-06-19,98.2,98.215,98.18,98.2,30232.0
202606,IM6,427409858,2025-06-20,98.215,98.225,98.18,98.19,34813.0
202606,IM6,427409858,2025-06-23,98.18,98.215,98.155,98.195,53382.0
202606,IM6,427409858,2025-06-24,98.2,98.23,98.19,98.205,66823.0
202606,IM6,427409858,2025-06-25,98.2,98.235,98.19,98.21,53628.0
202606,IM6,427409858,2025-06-26,98.215,98.245,98.215,98.235,50197.0
202606,IM6,427409858,2025-06-27,98.22,98.23,98.185,98.19,71161.0
202606,IM6,427409858,2025-06-30,98.205,98.225,98.195,98.205,87688.0
202606,IM6,427409858,2025-07-01,98.205,98.24,98.2,98.22,69828.0
202606,IM6,427409858,2025-07-02,98.22,98.23,98.195,98.205,52090.0
202606,IM6,427409858,2025-07-03,98.21,98.23,98.195,98.22,53578.0
202606,IM6,427409858,2025-07-04,98.215,98.27,98.215,98.255,56098.0
202606,IM6,427409858,2025-07-07,98.255,98.27,98.23,98.235,40784.0
202606,IM6,427409858,2025-07-08,98.23,98.235,98.19,98.205,64143.0
202606,IM6,427409858,2025-07-09,98.205,98.225,98.195,98.22,44432.0
202606,IM6,427409858,2025-07-10,98.21,98.225,98.185,98.19,48069.0
202606,IM6,427409858,2025-07-11,98.185,98.21,98.155,98.16,69864.0
202606,IM6,427409858,2025-07-14,98.175,98.2,98.175,98.195,62588.0
202606,IM6,427409858,2025-07-15,98.2,98.225,98.19,98.205,54903.0
202606,IM6,427409858,2025-07-16,98.215,98.25,98.195,98.23,68900.0
202606,IM6,427409858,2025-07-17,98.255,98.255,98.21,98.225,50685.0
202606,IM6,427409858,2025-07-18,98.21,98.23,98.195,98.205,40264.0
202606,IM6,427409858,2025-07-21,98.22,98.255,98.22,98.25,55184.0
202606,IM6,427409858,2025-07-22,98.245,98.265,98.24,98.26,44851.0
202606,IM6,427409858,2025-07-23,98.25,98.27,98.195,98.265,73257.0
202606,IM6,427409858,2025-07-24,98.195,98.215,98.14,98.155,134233.0
202606,IM6,427409858,2025-07-25,98.155,98.155,98.1,98.13,110567.0
202606,IM6,427409858,2025-07-28,98.11,98.17,98.105,98.165,64306.0
202606,IM6,427409858,2025-07-29,98.17,98.17,98.135,98.15,47643.0
202606,IM6,427409858,2025-07-30,98.155,98.155,98.105,98.125,61572.0
202606,IM6,427409858,2025-07-31,98.105,98.125,98.09,98.105,72762.0
202606,IM6,427409858,2025-08-01,98.095,98.185,98.085,98.15,122609.0
202606,IM6,427409858,2025-08-04,98.16,98.18,98.13,98.165,48945.0
202606,IM6,427409858,2025-08-05,98.18,98.18,98.145,98.165,58445.0
202606,IM6,427409858,2025-08-06,98.165,98.175,98.15,98.165,36962.0
202606,IM6,427409858,2025-08-07,98.17,98.175,98.145,98.15,49992.0
202606,IM6,427409858,2025-08-08,98.145,98.16,98.115,98.125,46538.0
202606,IM6,427409858,2025-08-11,98.12,98.135,98.105,98.11,35034.0
202606,IM6,427409858,2025-08-12,98.11,98.13,98.1,98.11,60869.0
202606,IM6,427409858,2025-08-13,98.12,98.155,98.11,98.15,38591.0
202606,IM6,427409858,2025-08-14,98.14,98.155,98.13,98.13,40441.0
202606,IM6,427409858,2025-08-15,98.145,98.145,98.1,98.115,43736.0
202606,IM6,427409858,2025-08-18,98.11,98.125,98.105,98.115,52175.0
202606,IM6,427409858,2025-08-19,98.125,98.135,98.11,98.125,39762.0
202606,IM6,427409858,2025-08-20,98.125,98.155,98.12,98.15,47715.0
202606,IM6,427409858,2025-08-21,98.15,98.155,98.095,98.1,72184.0
202606,IM6,427409858,2025-08-22,98.1,98.13,98.09,98.125,64447.0
202606,IM6,427409858,2025-08-25,98.12,98.125,98.085,98.1,46148.0
202606,IM6,427409858,2025-08-26,98.11,98.135,98.11,98.13,44073.0
202606,IM6,427409858,2025-08-27,98.13,98.155,98.125,98.15,58565.0
202606,IM6,427409858,2025-08-28,98.155,98.155,98.12,98.125,55143.0
202606,IM6,427409858,2025-08-29,98.125,98.14,98.12,98.125,54200.0
202606,IM6,427409858,2025-09-01,98.135,98.135,98.11,98.115,40240.0
202606,IM6,427409858,2025-09-02,98.115,98.12,98.08,98.09,96409.0
202606,IM6,427409858,2025-09-03,98.095,98.11,98.085,98.105,60286.0
202606,IM6,427409858,2025-09-04,98.105,98.12,98.095,98.1,51293.0
202606,IM6,427409858,2025-09-05,98.1,98.14,98.095,98.135,82076.0
202606,IM6,427409858,2025-09-08,98.12,98.135,98.105,98.13,56370.0
202606,IM6,427409858,2025-09-09,98.125,98.125,98.105,98.11,52331.0
202606,IM6,427409858,2025-09-10,98.11,98.12,98.095,98.095,46804.0
202606,IM6,427409858,2025-09-11,98.095,98.115,98.05,98.055,161683.0
202606,IM6,427409858,2025-09-12,98.06,98.06,98.035,98.04,117976.0
202606,IM6,427409858,2025-09-15,98.05,98.06,98.04,98.045,40951.0
202606,IM6,427409858,2025-09-16,98.04,98.06,98.035,98.05,63957.0
202606,IM6,427409858,2025-09-17,98.055,98.065,98.04,98.045,72032.0
202606,IM6,427409858,2025-09-18,98.05,98.065,98.045,98.045,51532.0
202606,IM6,427409858,2025-09-19,98.05,98.05,98.035,98.04,48822.0
202606,IM6,427409858,2025-09-22,98.04,98.06,98.035,98.05,45054.0
202606,IM6,427409858,2025-09-23,98.05,98.06,98.04,98.045,54536.0
202606,IM6,427409858,2025-09-24,98.04,98.05,98.035,98.045,50702.0
202606,IM6,427409858,2025-09-25,98.04,98.045,98.02,98.025,85936.0
202606,IM6,427409858,2025-09-26,98.025,98.035,98.02,98.025,59844.0
202606,IM6,427409858,2025-09-29,98.03,98.04,98.025,98.03,42765.0
202606,IM6,427409858,2025-09-30,98.03,98.04,98.025,98.03,63014.0
202606,IM6,427409858,2025-10-01,98.03,98.05,98.015,98.035,85793.0
202606,IM6,427409858,2025-10-02,98.035,98.045,98.025,98.035,29841.0
202606,IM6,427409858,2025-10-03,98.045,98.045,98.03,98.03,34126.0
202606,IM6,427409858,2025-10-06,98.03,98.055,98.025,98.04,66516.0
202606,IM6,427409858,2025-10-07,98.04,98.045,98.035,98.04,36283.0
202606,IM6,427409858,2025-10-08,98.04,98.07,98.04,98.06,78261.0
202606,IM6,427409858,2025-10-09,98.065,98.065,98.05,98.05,39023.0
202606,IM6,427409858,2025-10-10,98.05,98.09,98.05,98.08,72740.0
202606,IM6,427409858,2025-10-13,98.085,98.105,98.07,98.095,98614.0
202606,IM6,427409858,2025-10-14,98.095,98.125,98.09,98.1,113152.0
202606,IM6,427409858,2025-10-15,98.105,98.115,98.095,98.11,75480.0
202606,IM6,427409858,2025-10-16,98.1,98.135,98.095,98.11,135293.0
202606,IM6,427409858,2025-10-17,98.125,98.145,98.1,98.12,148334.0
202606,IM6,427409858,2025-10-20,98.12,98.12,98.1,98.115,47316.0
202606,IM6,427409858,2025-10-21,98.115,98.12,98.105,98.115,58391.0
202606,IM6,427409858,2025-10-22,98.115,98.13,98.1,98.105,66800.0
202606,IM6,427409858,2025-10-23,98.11,98.11,98.09,98.1,68229.0
202606,IM6,427409858,2025-10-24,98.09,98.105,98.05,98.055,140415.0
202606,IM6,427409858,2025-10-27,98.045,98.06,98.04,98.055,53256.0
202606,IM6,427409858,2025-10-28,98.055,98.065,98.045,98.05,60961.0
202606,IM6,427409858,2025-10-29,98.055,98.065,98.04,98.06,69661.0
202606,IM6,427409858,2025-10-30,98.04,98.05,98.03,98.04,101622.0
202606,IM6,427409858,2025-10-31,98.05,98.06,98.04,98.055,100240.0
202606,IM6,427409858,2025-11-03,98.055,98.06,98.03,98.035,63221.0
202606,IM6,427409858,2025-11-04,98.035,98.05,98.035,98.04,43104.0
202606,IM6,427409858,2025-11-05,98.045,98.05,98.03,98.035,68148.0
202606,IM6,427409858,2025-11-06,98.04,98.045,98.03,98.035,44539.0
202606,IM6,427409858,2025-11-07,98.035,98.05,98.03,98.045,61387.0
202606,IM6,427409858,2025-11-10,98.04,98.04,98.03,98.035,30635.0
202606,IM6,427409858,2025-11-11,98.03,98.04,98.03,98.035,32202.0
202606,IM6,427409858,2025-11-12,98.03,98.035,98.02,98.03,67737.0
202606,IM6,427409858,2025-11-13,98.025,98.025,98.005,98.01,95728.0
202606,IM6,427409858,2025-11-14,98.005,98.02,98.0,98.005,87943.0
202606,IM6,427409858,2025-11-17,98.005,98.01,97.995,97.995,54695.0
202606,IM6,427409858,2025-11-18,98.0,98.02,97.995,98.015,77017.0
202606,IM6,427409858,2025-11-19,98.01,98.025,98.01,98.015,48432.0
202606,IM6,427409858,2025-11-20,98.01,98.02,98.005,98.015,61392.0
202606,IM6,427409858,2025-11-21,98.015,98.045,98.015,98.035,102489.0
202606,IM6,427409858,2025-11-24,98.03,98.035,98.01,98.02,51612.0
202606,IM6,427409858,2025-11-25,98.02,98.03,98.01,98.025,70450.0
202606,IM6,427409858,2025-11-26,98.025,98.035,98.015,98.02,51163.0
202606,IM6,427409858,2025-11-27,98.02,98.025,98.01,98.015,29717.0
202606,IM6,427409858,2025-11-28,98.01,98.02,98.005,98.01,32397.0
202606,IM6,427409858,2025-12-01,98.01,98.01,97.99,97.99,89306.0
202606,IM6,427409858,2025-12-02,97.995,98.005,97.99,98.005,69952.0
202606,IM6,427409858,2025-12-03,98.005,98.01,98.0,98.005,49793.0
202606,IM6,427409858,2025-12-04,98.0,98.0,97.995,98.0,32828.0
202606,IM6,427409858,2025-12-05,98.0,98.005,97.975,97.98,113261.0
202606,IM6,427409858,2025-12-08,97.985,97.985,97.935,97.94,204876.0
202606,IM6,427409858,2025-12-09,97.95,97.96,97.925,97.945,174140.0
202606,IM6,427409858,2025-12-10,97.94,97.95,97.91,97.935,179659.0
202606,IM6,427409858,2025-12-11,97.95,97.955,97.935,97.94,86630.0
202606,IM6,427409858,2025-12-12,97.935,97.945,97.93,97.945,65368.0
202606,IM6,427409858,2025-12-15,97.945,97.95,97.94,97.945,71916.0
202606,IM6,427409858,2025-12-16,97.945,97.955,97.945,97.95,69981.0
202606,IM6,427409858,2025-12-17,97.955,97.965,97.95,97.95,39620.0
202606,IM6,427409858,2025-12-18,97.95,97.96,97.93,97.94,104217.0
202606,IM6,427409858,2025-12-19,97.94,97.945,97.93,97.94,31927.0
202606,IM6,427409858,2025-12-22,97.94,97.945,97.93,97.94,27586.0
202606,IM6,427409858,2025-12-23,97.94,97.95,97.94,97.95,30011.0
202606,IM6,427409858,2025-12-24,97.945,97.95,97.945,97.945,5036.0
202606,IM6,427409858,2025-12-29,97.95,97.965,97.94,97.96,45149.0
202606,IM6,427409858,2025-12-30,97.96,97.97,97.96,97.965,29846.0
202606,IM6,427409858,2025-12-31,97.965,97.97,97.955,97.96,10648.0
202606,IM6,427409858,2026-01-02,97.955,97.965,97.95,97.96,40709.0
202606,IM6,427409858,2026-01-05,97.955,97.96,97.95,97.955,32495.0
202606,IM6,427409858,2026-01-06,97.955,97.98,97.95,97.97,122363.0
202606,IM6,427409858,2026-01-07,97.975,97.99,97.975,97.985,70599.0
202606,IM6,427409858,2026-01-08,97.98,97.985,97.97,97.97,44294.0
202606,IM6,427409858,2026-01-09,97.975,97.975,97.96,97.97,40750.0
202606,IM6,427409858,2026-01-12,97.965,97.97,97.96,97.965,56509.0
202606,IM6,427409858,2026-01-13,97.965,97.97,97.955,97.97,38941.0
202606,IM6,427409858,2026-01-14,97.965,97.975,97.96,97.97,46377.0
202606,IM6,427409858,2026-01-15,97.97,97.975,97.955,97.96,59797.0
202606,IM6,427409858,2026-01-16,97.955,97.96,97.95,97.955,57857.0
202606,IM6,427409858,2026-01-19,97.96,97.98,97.955,97.97,99864.0
202606,IM6,427409858,2026-01-20,97.975,97.995,97.97,97.98,116335.0
202606,IM6,427409858,2026-01-21,97.995,97.995,97.95,97.97,129758.0
202606,IM6,427409858,2026-01-22,97.955,97.975,97.955,97.965,46436.0
202606,IM6,427409858,2026-01-23,97.96,97.965,97.95,97.955,56905.0
202606,IM6,427409858,2026-01-26,97.96,97.965,97.955,97.96,30547.0
202606,IM6,427409858,2026-01-27,97.96,97.98,97.96,97.97,63917.0
202606,IM6,427409858,2026-01-28,97.98,97.995,97.975,97.985,194797.0
202606,IM6,427409858,2026-01-29,97.985,98.0,97.98,97.995,76851.0
202606,IM6,427409858,2026-01-30,97.985,97.99,97.975,97.98,87028.0
202606,IM6,427409858,2026-02-02,97.98,97.985,97.96,97.97,93558.0
202606,IM6,427409858,2026-02-03,97.965,97.97,97.96,97.965,91527.0
202606,IM6,427409858,2026-02-04,97.965,97.98,97.96,97.975,53959.0
202606,IM6,427409858,2026-02-05,97.97,97.985,97.965,97.98,115750.0
202606,IM6,427409858,2026-02-06,97.98,97.995,97.975,97.98,67681.0
202606,IM6,427409858,2026-02-09,97.98,97.985,97.97,97.985,54988.0
202606,IM6,427409858,2026-02-10,97.98,97.985,97.975,97.985,37297.0
202606,IM6,427409858,2026-02-11,97.98,97.985,97.97,97.98,66235.0
202606,IM6,427409858,2026-02-12,97.975,97.985,97.975,97.98,50646.0
202606,IM6,427409858,2026-02-13,97.985,97.99,97.975,97.985,76863.0
202606,IM6,427409858,2026-02-16,97.98,97.985,97.975,97.98,34766.0
202606,IM6,427409858,2026-02-17,97.985,97.995,97.975,97.98,74765.0
202606,IM6,427409858,2026-02-18,97.98,97.985,97.97,97.975,54318.0
202606,IM6,427409858,2026-02-19,97.975,97.975,97.965,97.97,40706.0
202606,IM6,427409858,2026-02-20,97.975,97.975,97.96,97.96,52582.0
202606,IM6,427409858,2026-02-23,97.97,97.975,97.96,97.97,58338.0
202606,IM6,427409858,2026-02-24,97.965,97.97,97.955,97.965,54142.0
202606,IM6,427409858,2026-02-25,97.96,97.97,97.955,97.965,30920.0
202606,IM6,427409858,2026-02-26,97.965,97.97,97.96,97.965,34533.0
202606,IM6,427409858,2026-02-27,97.965,97.975,97.955,97.97,86929.0
202606,IM6,427409858,2026-03-02,97.97,97.975,97.925,97.94,247989.0
202606,IM6,427409858,2026-03-03,97.93,97.935,97.825,97.87,660456.0
202606,IM6,427409858,2026-03-04,97.895,97.905,97.84,97.895,259274.0
202606,IM6,427409858,2026-03-05,97.89,97.89,97.825,97.845,475487.0
202606,IM6,427409858,2026-03-06,97.855,97.86,97.72,97.78,554999.0
202606,IM6,427409858,2026-03-09,97.69,97.82,97.56,97.74,541373.0
202606,IM6,427409858,2026-03-10,97.81,97.86,97.745,97.82,379389.0
202606,IM6,427409858,2026-03-11,97.77,97.8,97.68,97.695,338273.0
202606,IM6,427409858,2026-03-12,97.67,97.72,97.61,97.695,299425.0
202606,IM6,427409858,2026-03-13,97.66,97.73,97.65,97.69,236526.0
202606,IM6,427409858,2026-03-16,97.68,97.72,97.675,97.7,204546.0
202606,IM6,427409858,2026-03-17,97.705,97.73,97.69,97.715,166758.0
202606,IM6,427409858,2026-03-18,97.71,97.735,97.615,97.66,369241.0
202606,IM6,427409858,2026-03-19,97.625,97.63,97.405,97.54,562865.0
202606,IM6,427409858,2026-03-20,97.555,97.575,97.36,97.43,325189.0
202606,IM6,427409858,2026-03-23,97.375,97.59,97.295,97.46,374910.0
202606,IM6,427409858,2026-03-24,97.47,97.51,97.35,97.415,266140.0
202606,IM6,427409858,2026-03-25,97.485,97.505,97.435,97.475,262920.0
202606,IM6,427409858,2026-03-26,97.455,97.465,97.385,97.425,206017.0
202606,IM6,427409858,2026-03-27,97.395,97.49,97.38,97.45,314000.0
202606,IM6,427409858,2026-03-30,97.475,97.52,97.465,97.5,159193.0
202606,IM6,427409858,2026-03-31,97.485,97.545,97.485,97.5,259109.0
202606,IM6,427409858,2026-04-01,97.545,97.575,97.52,97.53,313031.0
202606,IM6,427409858,2026-04-02,97.53,97.54,97.46,97.51,190308.0
202606,IM6,427409858,2026-04-07,97.49,97.5,97.435,97.44,212802.0
202606,IM6,427409858,2026-04-08,97.555,97.66,97.555,97.625,344206.0
202606,IM6,427409858,2026-04-09,97.6,97.625,97.575,97.595,187485.0
202606,IM6,427409858,2026-04-10,97.6,97.605,97.56,97.58,176053.0
202606,IM6,427409858,2026-04-13,97.54,97.575,97.515,97.55,262926.0
202606,IM6,427409858,2026-04-14,97.565,97.63,97.565,97.61,204281.0
202606,IM6,427409858,2026-04-15,97.62,97.645,97.615,97.63,165219.0
202606,IM6,427409858,2026-04-16,97.645,97.675,97.635,97.655,212609.0
202606,IM6,427409858,2026-04-17,97.64,97.75,97.64,97.725,233854.0
202606,IM6,427409858,2026-04-20,97.695,97.705,97.675,97.69,103442.0
202606,IM6,427409858,2026-04-21,97.7,97.705,97.61,97.665,109524.0
202606,IM6,427409858,2026-04-22,97.63,97.67,97.62,97.655,136612.0
202606,IM6,427409858,2026-04-23,97.635,97.655,97.595,97.65,186542.0
202606,IM6,427409858,2026-04-24,97.615,97.66,97.61,97.64,142405.0
202606,IM6,427409858,2026-04-27,97.64,97.665,97.635,97.645,98654.0
202606,IM6,427409858,2026-04-28,97.65,97.655,97.555,97.59,306230.0
202606,IM6,427409858,2026-04-29,97.57,97.59,97.525,97.55,173523.0
202606,IM6,427409858,2026-04-30,97.54,97.625,97.525,97.605,290651.0
202606,IM6,427409858,2026-05-04,97.605,97.62,97.56,97.595,124913.0
202606,IM6,427409858,2026-05-05,97.58,97.615,97.58,97.6,79781.0
202606,IM6,427409858,2026-05-06,97.6,97.705,97.595,97.66,302339.0
202606,IM6,427409858,2026-05-07,97.64,97.685,97.625,97.665,205277.0
202606,IM6,427409858,2026-05-08,97.635,97.67,97.625,97.655,136460.0
202606,IM6,427409858,2026-05-11,97.655,97.66,97.625,97.63,122727.0
202606,IM6,427409858,2026-05-12,97.63,97.635,97.61,97.625,112815.0
202606,IM6,427409858,2026-05-13,97.62,97.64,97.62,97.635,179507.0
202606,IM6,427409858,2026-05-14,97.64,97.66,97.64,97.65,192305.0
202606,IM6,427409858,2026-05-15,97.64,97.645,97.62,97.63,149704.0
202606,IM6,427409858,2026-05-18,97.625,97.65,97.62,97.635,175015.0
202606,IM6,427409858,2026-05-19,97.64,97.645,97.63,97.64,113711.0
202606,IM6,427409858,2026-05-20,97.64,97.685,97.635,97.665,204097.0
202606,IM6,427409858,2026-05-21,97.67,97.695,97.65,97.66,194843.0
202606,IM6,427409858,2026-05-22,97.68,97.69,97.665,97.67,108538.0
202606,IM6,427409858,2026-05-25,97.695,97.72,97.69,97.715,81083.0
202606,IM6,427409858,2026-05-26,97.715,97.715,97.665,97.67,156749.0
202606,IM6,427409858,2026-05-27,97.675,97.68,97.66,97.67,98707.0
202606,IM6,427409858,2026-05-28,97.675,97.685,97.65,97.68,116373.0
202606,IM6,427409858,2026-05-29,97.68,97.69,97.665,97.68,120997.0
202606,IM6,427409858,2026-06-01,97.675,97.68,97.645,97.66,157166.0
202606,IM6,427409858,2026-06-02,97.68,97.68,97.65,97.66,108929.0
202606,IM6,427409858,2026-06-03,97.65,97.655,97.64,97.645,96658.0
202606,IM6,427409858,2026-06-04,97.645,97.665,97.645,97.65,71157.0
202606,IM6,427409858,2026-06-05,97.65,97.66,97.64,97.645,62468.0
202606,IM6,427409858,2026-06-08,97.645,97.655,97.615,97.62,164885.0
202606,IM6,427409858,2026-06-09,97.615,97.63,97.61,97.62,128445.0
202606,IM6,427409858,2026-06-10,97.62,97.625,97.595,97.605,121670.0
202606,IM6,427409858,2026-06-11,97.595,97.63,97.59,97.62,219506.0
202606,IM6,427409858,2026-06-12,97.63,97.64,97.615,97.64,160134.0
202606,IM6,427409858,2026-06-15,97.64,97.65,97.595,97.595,49771.0
202603,IH6,411631357,2024-03-18,97.56,97.575,97.53,97.54,27858.0
202603,IH6,411631357,2024-03-19,97.55,97.595,97.54,97.58,25125.0
202603,IH6,411631357,2024-03-20,97.575,97.615,97.545,97.555,32059.0
202603,IH6,411631357,2024-03-21,97.6,97.645,97.57,97.605,39727.0
202603,IH6,411631357,2024-03-22,97.61,97.68,97.6,97.675,31912.0
202603,IH6,411631357,2024-03-25,97.68,97.695,97.6,97.605,19721.0
202603,IH6,411631357,2024-03-26,97.625,97.64,97.605,97.62,24623.0
202603,IH6,411631357,2024-03-27,97.63,97.685,97.625,97.675,23711.0
202603,IH6,411631357,2024-03-28,97.66,97.68,97.61,97.67,28502.0
202603,IH6,411631357,2024-04-02,97.645,97.665,97.58,97.615,39252.0
202603,IH6,411631357,2024-04-03,97.62,97.645,97.565,97.595,32810.0
202603,IH6,411631357,2024-04-04,97.63,97.68,97.6,97.63,23342.0
202603,IH6,411631357,2024-04-05,97.665,97.67,97.565,97.585,22129.0
202603,IH6,411631357,2024-04-08,97.57,97.57,97.505,97.52,22038.0
202603,IH6,411631357,2024-04-09,97.505,97.585,97.505,97.575,28090.0
202603,IH6,411631357,2024-04-10,97.57,97.61,97.425,97.48,39274.0
202603,IH6,411631357,2024-04-11,97.465,97.495,97.41,97.425,53401.0
202603,IH6,411631357,2024-04-12,97.445,97.59,97.435,97.555,43879.0
202603,IH6,411631357,2024-04-15,97.53,97.54,97.445,97.475,43334.0
202603,IH6,411631357,2024-04-16,97.495,97.5,97.36,97.395,39659.0
202603,IH6,411631357,2024-04-17,97.385,97.435,97.33,97.41,41675.0
202603,IH6,411631357,2024-04-18,97.415,97.45,97.34,97.365,26871.0
202603,IH6,411631357,2024-04-19,97.355,97.45,97.305,97.335,43485.0
202603,IH6,411631357,2024-04-22,97.34,97.38,97.3,97.36,27500.0
202603,IH6,411631357,2024-04-23,97.37,97.395,97.325,97.365,27635.0
202603,IH6,411631357,2024-04-24,97.36,97.36,97.28,97.305,28907.0
202603,IH6,411631357,2024-04-25,97.29,97.325,97.22,97.26,35014.0
202603,IH6,411631357,2024-04-26,97.24,97.32,97.24,97.3,27470.0
202603,IH6,411631357,2024-04-29,97.295,97.355,97.295,97.35,23111.0
202603,IH6,411631357,2024-04-30,97.34,97.36,97.205,97.24,50322.0
202603,IH6,411631357,2024-05-02,97.235,97.315,97.235,97.28,39957.0
202603,IH6,411631357,2024-05-03,97.305,97.43,97.3,97.37,47194.0
202603,IH6,411631357,2024-05-06,97.4,97.44,97.385,97.405,25165.0
202603,IH6,411631357,2024-05-07,97.41,97.445,97.405,97.44,28189.0
202603,IH6,411631357,2024-05-08,97.425,97.425,97.385,97.395,27818.0
202603,IH6,411631357,2024-05-09,97.39,97.415,97.35,97.375,22160.0
202603,IH6,411631357,2024-05-10,97.39,97.405,97.33,97.335,25491.0
202603,IH6,411631357,2024-05-13,97.355,97.38,97.335,97.365,25885.0
202603,IH6,411631357,2024-05-14,97.36,97.39,97.31,97.34,28283.0
202603,IH6,411631357,2024-05-15,97.345,97.49,97.34,97.46,41969.0
202603,IH6,411631357,2024-05-16,97.48,97.505,97.4,97.425,38435.0
202603,IH6,411631357,2024-05-17,97.41,97.42,97.32,97.34,37077.0
202603,IH6,411631357,2024-05-20,97.325,97.345,97.3,97.31,20237.0
202603,IH6,411631357,2024-05-21,97.315,97.36,97.315,97.345,36780.0
202603,IH6,411631357,2024-05-22,97.345,97.345,97.285,97.315,37220.0
202603,IH6,411631357,2024-05-23,97.29,97.325,97.175,97.185,66563.0
202603,IH6,411631357,2024-05-24,97.215,97.23,97.15,97.205,40841.0
202603,IH6,411631357,2024-05-27,97.21,97.265,97.18,97.25,19895.0
202603,IH6,411631357,2024-05-28,97.24,97.265,97.185,97.23,37698.0
202603,IH6,411631357,2024-05-29,97.195,97.235,97.135,97.16,43578.0
202603,IH6,411631357,2024-05-30,97.15,97.19,97.14,97.17,36730.0
202603,IH6,411631357,2024-05-31,97.185,97.2,97.115,97.185,68274.0
202603,IH6,411631357,2024-06-03,97.185,97.285,97.17,97.275,57952.0
202603,IH6,411631357,2024-06-04,97.255,97.355,97.24,97.32,58743.0
202603,IH6,411631357,2024-06-05,97.32,97.35,97.285,97.345,46223.0
202603,IH6,411631357,2024-06-06,97.34,97.355,97.255,97.285,43815.0
202603,IH6,411631357,2024-06-07,97.29,97.29,97.175,97.19,40441.0
202603,IH6,411631357,2024-06-10,97.17,97.2,97.14,97.155,46550.0
202603,IH6,411631357,2024-06-11,97.155,97.215,97.15,97.21,67029.0
202603,IH6,411631357,2024-06-12,97.205,97.325,97.205,97.305,57006.0
202603,IH6,411631357,2024-06-13,97.265,97.385,97.26,97.32,49515.0
202603,IH6,411631357,2024-06-14,97.365,97.47,97.34,97.45,94954.0
202603,IH6,411631357,2024-06-17,97.42,97.46,97.385,97.41,55992.0
202603,IH6,411631357,2024-06-18,97.41,97.455,97.385,97.435,47384.0
202603,IH6,411631357,2024-06-19,97.425,97.465,97.39,97.415,39346.0
202603,IH6,411631357,2024-06-20,97.395,97.42,97.365,97.375,38906.0
202603,IH6,411631357,2024-06-21,97.38,97.48,97.375,97.415,44173.0
202603,IH6,411631357,2024-06-24,97.425,97.43,97.38,97.395,39622.0
202603,IH6,411631357,2024-06-25,97.41,97.44,97.39,97.41,32512.0
202603,IH6,411631357,2024-06-26,97.405,97.405,97.36,97.37,41357.0
202603,IH6,411631357,2024-06-27,97.365,97.37,97.335,97.355,32061.0
202603,IH6,411631357,2024-06-28,97.355,97.385,97.325,97.34,42654.0
202603,IH6,411631357,2024-07-01,97.325,97.335,97.255,97.265,58600.0
202603,IH6,411631357,2024-07-02,97.28,97.33,97.27,97.31,45693.0
202603,IH6,411631357,2024-07-03,97.305,97.36,97.265,97.345,43659.0
202603,IH6,411631357,2024-07-04,97.325,97.33,97.29,97.295,22586.0
202603,IH6,411631357,2024-07-05,97.295,97.38,97.26,97.365,38712.0
202603,IH6,411631357,2024-07-08,97.365,97.385,97.32,97.365,35173.0
202603,IH6,411631357,2024-07-09,97.36,97.365,97.325,97.335,27758.0
202603,IH6,411631357,2024-07-10,97.35,97.395,97.345,97.375,30210.0
202603,IH6,411631357,2024-07-11,97.375,97.51,97.355,97.5,54603.0
202603,IH6,411631357,2024-07-12,97.465,97.48,97.43,97.465,34117.0
202603,IH6,411631357,2024-07-15,97.46,97.53,97.435,97.51,43664.0
202603,IH6,411631357,2024-07-16,97.51,97.585,97.505,97.56,44176.0
202603,IH6,411631357,2024-07-17,97.575,97.58,97.525,97.555,36672.0
202603,IH6,411631357,2024-07-18,97.56,97.605,97.525,97.595,52286.0
202603,IH6,411631357,2024-07-19,97.565,97.6,97.525,97.55,35305.0
202603,IH6,411631357,2024-07-22,97.53,97.55,97.475,97.505,35883.0
202603,IH6,411631357,2024-07-23,97.495,97.555,97.495,97.545,44950.0
202603,IH6,411631357,2024-07-24,97.545,97.605,97.54,97.595,54950.0
202603,IH6,411631357,2024-07-25,97.57,97.68,97.57,97.605,76880.0
202603,IH6,411631357,2024-07-26,97.585,97.64,97.55,97.62,54126.0
202603,IH6,411631357,2024-07-29,97.61,97.665,97.61,97.645,30802.0
202603,IH6,411631357,2024-07-30,97.65,97.725,97.635,97.705,59490.0
202603,IH6,411631357,2024-07-31,97.7,97.775,97.7,97.72,63295.0
202603,IH6,411631357,2024-08-01,97.77,97.81,97.725,97.795,59348.0
202603,IH6,411631357,2024-08-02,97.79,97.9,97.77,97.85,108693.0
202603,IH6,411631357,2024-08-05,97.86,97.98,97.79,97.84,107551.0
202603,IH6,411631357,2024-08-06,97.8,97.88,97.745,97.82,54164.0
202603,IH6,411631357,2024-08-07,97.805,97.835,97.75,97.79,54357.0
202603,IH6,411631357,2024-08-08,97.82,97.86,97.77,97.8,56213.0
202603,IH6,411631357,2024-08-09,97.815,97.85,97.8,97.83,33685.0
202603,IH6,411631357,2024-08-12,97.81,97.85,97.8,97.82,16817.0
202603,IH6,411631357,2024-08-13,97.855,97.895,97.83,97.895,25658.0
202603,IH6,411631357,2024-08-14,97.88,97.91,97.84,97.89,35992.0
202603,IH6,411631357,2024-08-15,97.865,97.885,97.745,97.77,36007.0
202603,IH6,411631357,2024-08-16,97.76,97.825,97.755,97.775,23699.0
202603,IH6,411631357,2024-08-19,97.785,97.825,97.76,97.775,21502.0
202603,IH6,411631357,2024-08-20,97.77,97.845,97.76,97.84,28905.0
202603,IH6,411631357,2024-08-21,97.84,97.9,97.825,97.87,34318.0
202603,IH6,411631357,2024-08-22,97.875,97.91,97.81,97.825,31319.0
202603,IH6,411631357,2024-08-23,97.82,97.88,97.805,97.865,31532.0
202603,IH6,411631357,2024-08-26,97.88,97.895,97.82,97.845,22553.0
202603,IH6,411631357,2024-08-27,97.84,97.85,97.805,97.825,28071.0
202603,IH6,411631357,2024-08-28,97.84,97.86,97.82,97.845,31766.0
202603,IH6,411631357,2024-08-29,97.84,97.9,97.825,97.86,42860.0
202603,IH6,411631357,2024-08-30,97.865,97.89,97.825,97.845,43384.0
202603,IH6,411631357,2024-09-02,97.83,97.84,97.805,97.81,39969.0
202603,IH6,411631357,2024-09-03,97.815,97.89,97.79,97.865,46968.0
202603,IH6,411631357,2024-09-04,97.88,97.95,97.88,97.93,53238.0
202603,IH6,411631357,2024-09-05,97.94,97.975,97.92,97.95,45065.0
202603,IH6,411631357,2024-09-06,97.955,98.045,97.92,98.01,63253.0
202603,IH6,411631357,2024-09-09,97.985,98.05,97.965,98.04,39257.0
202603,IH6,411631357,2024-09-10,98.045,98.1,98.025,98.065,50247.0
202603,IH6,411631357,2024-09-11,98.09,98.155,98.055,98.145,75015.0
202603,IH6,411631357,2024-09-12,98.13,98.13,98.03,98.06,72789.0
202603,IH6,411631357,2024-09-13,98.045,98.12,98.045,98.055,55841.0
202603,IH6,411631357,2024-09-16,98.075,98.115,98.045,98.105,60967.0
202603,IH6,411631357,2024-09-17,98.1,98.135,98.035,98.045,73002.0
202603,IH6,411631357,2024-09-18,98.04,98.055,97.985,97.995,46162.0
202603,IH6,411631357,2024-09-19,97.99,98.055,97.985,98.05,53604.0
202603,IH6,411631357,2024-09-20,98.035,98.06,97.98,97.985,45723.0
202603,IH6,411631357,2024-09-23,98.03,98.125,98.015,98.095,64726.0
202603,IH6,411631357,2024-09-24,98.13,98.18,98.08,98.17,65730.0
202603,IH6,411631357,2024-09-25,98.165,98.165,98.115,98.125,46594.0
202603,IH6,411631357,2024-09-26,98.125,98.18,98.12,98.14,56363.0
202603,IH6,411631357,2024-09-27,98.125,98.19,98.11,98.16,58518.0
202603,IH6,411631357,2024-09-30,98.175,98.205,98.115,98.17,61084.0
202603,IH6,411631357,2024-10-01,98.16,98.265,98.16,98.22,66596.0
202603,IH6,411631357,2024-10-02,98.22,98.24,98.175,98.19,61751.0
202603,IH6,411631357,2024-10-03,98.19,98.205,98.115,98.15,46551.0
202603,IH6,411631357,2024-10-04,98.12,98.13,97.97,97.99,85713.0
202603,IH6,411631357,2024-10-07,97.97,97.98,97.9,97.92,71418.0
202603,IH6,411631357,2024-10-08,97.935,97.975,97.925,97.945,51453.0
202603,IH6,411631357,2024-10-09,97.96,97.985,97.905,97.935,43904.0
202603,IH6,411631357,2024-10-10,97.91,97.98,97.86,97.94,66749.0
202603,IH6,411631357,2024-10-11,97.97,98.005,97.92,97.955,49789.0
202603,IH6,411631357,2024-10-14,97.99,98.0,97.955,97.96,27698.0
202603,IH6,411631357,2024-10-15,97.985,98.045,97.985,98.04,58134.0
202603,IH6,411631357,2024-10-16,98.025,98.085,98.025,98.08,45198.0
202603,IH6,411631357,2024-10-17,98.065,98.13,98.045,98.095,79787.0
202603,IH6,411631357,2024-10-18,98.115,98.15,98.08,98.14,60395.0
202603,IH6,411631357,2024-10-21,98.14,98.145,98.04,98.05,46938.0
202603,IH6,411631357,2024-10-22,98.04,98.08,98.0,98.035,69173.0
202603,IH6,411631357,2024-10-23,98.07,98.09,98.045,98.055,80439.0
202603,IH6,411631357,2024-10-24,98.045,98.14,98.045,98.11,61578.0
202603,IH6,411631357,2024-10-25,98.075,98.1,98.045,98.07,49070.0
202603,IH6,411631357,2024-10-28,98.035,98.135,98.015,98.09,52244.0
202603,IH6,411631357,2024-10-29,98.105,98.125,98.045,98.06,56362.0
202603,IH6,411631357,2024-10-30,98.08,98.085,97.885,97.945,85013.0
202603,IH6,411631357,2024-10-31,97.89,97.92,97.8,97.885,116583.0
202603,IH6,411631357,2024-11-01,97.905,97.98,97.88,97.92,80931.0
202603,IH6,411631357,2024-11-04,97.925,97.945,97.87,97.905,52270.0
202603,IH6,411631357,2024-11-05,97.895,97.905,97.83,97.85,46220.0
202603,IH6,411631357,2024-11-06,97.835,98.025,97.82,97.985,103101.0
202603,IH6,411631357,2024-11-07,97.985,98.035,97.935,98.0,63344.0
202603,IH6,411631357,2024-11-08,98.0,98.055,97.985,98.01,39735.0
202603,IH6,411631357,2024-11-11,98.04,98.105,98.025,98.1,48729.0
202603,IH6,411631357,2024-11-12,98.09,98.125,98.05,98.1,60990.0
202603,IH6,411631357,2024-11-13,98.06,98.085,98.01,98.07,75621.0
202603,IH6,411631357,2024-11-14,98.05,98.14,98.03,98.12,59373.0
202603,IH6,411631357,2024-11-15,98.11,98.13,98.05,98.1,47961.0
202603,IH6,411631357,2024-11-18,98.11,98.11,98.015,98.055,54514.0
202603,IH6,411631357,2024-11-19,98.06,98.125,98.04,98.055,62336.0
202603,IH6,411631357,2024-11-20,98.04,98.06,98.01,98.035,52878.0
202603,IH6,411631357,2024-11-21,98.025,98.08,98.015,98.065,49831.0
202603,IH6,411631357,2024-11-22,98.05,98.19,98.035,98.15,118844.0
202603,IH6,411631357,2024-11-25,98.145,98.18,98.12,98.155,44953.0
202603,IH6,411631357,2024-11-26,98.145,98.155,98.1,98.12,55781.0
202603,IH6,411631357,2024-11-27,98.145,98.17,98.105,98.115,59574.0
202603,IH6,411631357,2024-11-28,98.115,98.185,98.11,98.17,46665.0
202603,IH6,411631357,2024-11-29,98.175,98.25,98.155,98.22,59875.0
202603,IH6,411631357,2024-12-02,98.24,98.305,98.22,98.295,74374.0
202603,IH6,411631357,2024-12-03,98.295,98.31,98.24,98.26,63270.0
202603,IH6,411631357,2024-12-04,98.26,98.27,98.195,98.235,59978.0
202603,IH6,411631357,2024-12-05,98.265,98.27,98.16,98.165,55149.0
202603,IH6,411631357,2024-12-06,98.18,98.21,98.135,98.175,46091.0
202603,IH6,411631357,2024-12-09,98.205,98.235,98.175,98.205,37180.0
202603,IH6,411631357,2024-12-10,98.2,98.245,98.19,98.225,48716.0
202603,IH6,411631357,2024-12-11,98.225,98.28,98.215,98.245,49732.0
202603,IH6,411631357,2024-12-12,98.235,98.275,98.115,98.185,97535.0
202603,IH6,411631357,2024-12-13,98.125,98.16,98.065,98.105,73553.0
202603,IH6,411631357,2024-12-16,98.08,98.135,98.08,98.125,64392.0
202603,IH6,411631357,2024-12-17,98.115,98.135,98.09,98.105,53749.0
202603,IH6,411631357,2024-12-18,98.1,98.135,98.035,98.12,52655.0
202603,IH6,411631357,2024-12-19,98.04,98.095,98.035,98.075,68931.0
202603,IH6,411631357,2024-12-20,98.09,98.155,98.08,98.115,55778.0
202603,IH6,411631357,2024-12-23,98.1,98.11,98.065,98.08,41178.0
202603,IH6,411631357,2024-12-24,98.085,98.09,98.065,98.07,7064.0
202603,IH6,411631357,2024-12-27,98.08,98.09,98.025,98.05,53981.0
202603,IH6,411631357,2024-12-30,98.035,98.08,98.03,98.075,43796.0
202603,IH6,411631357,2024-12-31,98.08,98.095,98.07,98.075,9478.0
202603,IH6,411631357,2025-01-02,98.07,98.135,98.035,98.07,78708.0
202603,IH6,411631357,2025-01-03,98.055,98.07,97.96,97.97,89419.0
202603,IH6,411631357,2025-01-06,97.955,97.965,97.905,97.91,116935.0
202603,IH6,411631357,2025-01-07,97.925,97.955,97.915,97.93,106854.0
202603,IH6,411631357,2025-01-08,97.94,97.955,97.9,97.94,69269.0
202603,IH6,411631357,2025-01-09,97.935,97.94,97.885,97.905,64433.0
202603,IH6,411631357,2025-01-10,97.89,97.89,97.81,97.84,89230.0
202603,IH6,411631357,2025-01-13,97.81,97.83,97.765,97.815,79300.0
202603,IH6,411631357,2025-01-14,97.82,97.85,97.77,97.79,74109.0
202603,IH6,411631357,2025-01-15,97.785,97.89,97.775,97.875,90823.0
202603,IH6,411631357,2025-01-16,97.875,97.915,97.85,97.905,66863.0
202603,IH6,411631357,2025-01-17,97.895,97.93,97.89,97.91,67248.0
202603,IH6,411631357,2025-01-20,97.915,97.925,97.885,97.91,40647.0
202603,IH6,411631357,2025-01-21,97.915,97.935,97.875,97.915,64121.0
202603,IH6,411631357,2025-01-22,97.905,97.94,97.885,97.905,48968.0
202603,IH6,411631357,2025-01-23,97.895,97.91,97.86,97.87,54576.0
202603,IH6,411631357,2025-01-24,97.88,97.885,97.785,97.81,104804.0
202603,IH6,411631357,2025-01-27,97.81,97.885,97.81,97.835,83450.0
202603,IH6,411631357,2025-01-28,97.845,97.855,97.82,97.825,53954.0
202603,IH6,411631357,2025-01-29,97.84,97.86,97.8,97.82,51731.0
202603,IH6,411631357,2025-01-30,97.825,97.92,97.82,97.9,129059.0
202603,IH6,411631357,2025-01-31,97.895,98.015,97.875,98.005,157053.0
202603,IH6,411631357,2025-02-03,98.09,98.12,98.04,98.09,144626.0
202603,IH6,411631357,2025-02-04,98.07,98.085,98.035,98.07,92027.0
202603,IH6,411631357,2025-02-05,98.08,98.115,98.06,98.075,88741.0
202603,IH6,411631357,2025-02-06,98.055,98.085,98.025,98.07,83194.0
202603,IH6,411631357,2025-02-07,98.06,98.09,98.015,98.06,77687.0
202603,IH6,411631357,2025-02-10,98.075,98.115,98.06,98.105,52426.0
202603,IH6,411631357,2025-02-11,98.1,98.105,98.03,98.04,61401.0
202603,IH6,411631357,2025-02-12,98.035,98.035,97.945,97.965,90185.0
202603,IH6,411631357,2025-02-13,97.98,98.035,97.96,98.025,102876.0
202603,IH6,411631357,2025-02-14,98.02,98.03,97.97,98.0,83736.0
202603,IH6,411631357,2025-02-17,97.985,97.985,97.95,97.98,61500.0
202603,IH6,411631357,2025-02-18,97.97,97.98,97.95,97.975,50699.0
202603,IH6,411631357,2025-02-19,97.96,97.97,97.915,97.93,69014.0
202603,IH6,411631357,2025-02-20,97.93,97.96,97.915,97.95,58527.0
202603,IH6,411631357,2025-02-21,97.95,98.04,97.95,98.005,72094.0
202603,IH6,411631357,2025-02-24,98.005,98.03,97.985,98.025,55641.0
202603,IH6,411631357,2025-02-25,98.005,98.06,98.005,98.045,67288.0
202603,IH6,411631357,2025-02-26,98.045,98.075,98.025,98.045,53084.0
202603,IH6,411631357,2025-02-27,98.07,98.09,98.04,98.08,74157.0
202603,IH6,411631357,2025-02-28,98.1,98.125,98.07,98.09,95304.0
202603,IH6,411631357,2025-03-03,98.085,98.115,98.01,98.025,160943.0
202603,IH6,411631357,2025-03-04,98.08,98.125,98.0,98.095,155538.0
202603,IH6,411631357,2025-03-05,98.01,98.015,97.825,97.835,307928.0
202603,IH6,411631357,2025-03-06,97.805,97.895,97.775,97.815,252590.0
202603,IH6,411631357,2025-03-07,97.865,97.895,97.825,97.855,106180.0
202603,IH6,411631357,2025-03-10,97.84,97.92,97.84,97.9,100155.0
202603,IH6,411631357,2025-03-11,97.92,97.935,97.87,97.9,98085.0
202603,IH6,411631357,2025-03-12,97.88,97.91,97.84,97.86,97647.0
202603,IH6,411631357,2025-03-13,97.885,97.93,97.85,97.91,98990.0
202603,IH6,411631357,2025-03-14,97.92,97.93,97.875,97.9,96189.0
202603,IH6,411631357,2025-03-17,97.9,97.925,97.89,97.915,79330.0
202603,IH6,411631357,2025-03-18,97.905,97.925,97.89,97.915,68542.0
202603,IH6,411631357,2025-03-19,97.92,97.945,97.895,97.905,64439.0
202603,IH6,411631357,2025-03-20,97.94,97.945,97.905,97.92,73776.0
202603,IH6,411631357,2025-03-21,97.925,97.97,97.92,97.965,64493.0
202603,IH6,411631357,2025-03-24,97.96,97.975,97.94,97.96,50862.0
202603,IH6,411631357,2025-03-25,97.965,97.97,97.92,97.945,55245.0
202603,IH6,411631357,2025-03-26,97.94,98.0,97.94,97.955,59357.0
202603,IH6,411631357,2025-03-27,98.01,98.03,97.985,98.02,100999.0
202603,IH6,411631357,2025-03-28,98.025,98.07,98.02,98.06,82907.0
202603,IH6,411631357,2025-03-31,98.065,98.12,98.02,98.045,107208.0
202603,IH6,411631357,2025-04-01,98.05,98.1,98.035,98.065,88461.0
202603,IH6,411631357,2025-04-02,98.07,98.11,98.04,98.065,84626.0
202603,IH6,411631357,2025-04-03,98.14,98.175,98.115,98.16,155677.0
202603,IH6,411631357,2025-04-04,98.17,98.315,98.16,98.24,181453.0
202603,IH6,411631357,2025-04-07,98.32,98.355,98.15,98.245,154044.0
202603,IH6,411631357,2025-04-08,98.235,98.315,98.185,98.225,138600.0
202603,IH6,411631357,2025-04-09,98.295,98.35,98.045,98.31,130142.0
202603,IH6,411631357,2025-04-10,98.09,98.275,98.09,98.23,107506.0
202603,IH6,411631357,2025-04-11,98.21,98.31,98.175,98.255,126263.0
202603,IH6,411631357,2025-04-14,98.22,98.31,98.2,98.285,66386.0
202603,IH6,411631357,2025-04-15,98.29,98.315,98.265,98.305,59839.0
202603,IH6,411631357,2025-04-16,98.305,98.34,98.3,98.315,67645.0
202603,IH6,411631357,2025-04-17,98.315,98.405,98.25,98.39,142872.0
202603,IH6,411631357,2025-04-22,98.395,98.45,98.385,98.42,94925.0
202603,IH6,411631357,2025-04-23,98.39,98.4,98.315,98.335,113970.0
202603,IH6,411631357,2025-04-24,98.34,98.395,98.335,98.38,97105.0
202603,IH6,411631357,2025-04-25,98.38,98.39,98.34,98.345,71678.0
202603,IH6,411631357,2025-04-28,98.35,98.36,98.325,98.35,53881.0
202603,IH6,411631357,2025-04-29,98.345,98.37,98.325,98.345,59708.0
202603,IH6,411631357,2025-04-30,98.325,98.39,98.32,98.37,78581.0
202603,IH6,411631357,2025-05-02,98.365,98.375,98.29,98.315,75840.0
202603,IH6,411631357,2025-05-05,98.295,98.34,98.28,98.315,41717.0
202603,IH6,411631357,2025-05-06,98.3,98.35,98.3,98.34,53892.0
202603,IH6,411631357,2025-05-07,98.34,98.38,98.33,98.36,50744.0
202603,IH6,411631357,2025-05-08,98.365,98.365,98.285,98.32,58967.0
202603,IH6,411631357,2025-05-09,98.295,98.31,98.28,98.3,87266.0
202603,IH6,411631357,2025-05-12,98.28,98.285,98.15,98.165,155390.0
202603,IH6,411631357,2025-05-13,98.15,98.18,98.135,98.17,60098.0
202603,IH6,411631357,2025-05-14,98.15,98.185,98.145,98.18,108458.0
202603,IH6,411631357,2025-05-15,98.16,98.235,98.155,98.215,76694.0
202603,IH6,411631357,2025-05-16,98.225,98.255,98.21,98.235,71076.0
202603,IH6,411631357,2025-05-19,98.225,98.245,98.19,98.24,69111.0
202603,IH6,411631357,2025-05-20,98.25,98.27,98.22,98.235,55253.0
202603,IH6,411631357,2025-05-21,98.245,98.245,98.21,98.225,58720.0
202603,IH6,411631357,2025-05-22,98.215,98.265,98.205,98.255,73287.0
202603,IH6,411631357,2025-05-23,98.255,98.405,98.245,98.32,136757.0
202603,IH6,411631357,2025-05-26,98.275,98.31,98.255,98.295,26825.0
202603,IH6,411631357,2025-05-27,98.305,98.32,98.29,98.305,38865.0
202603,IH6,411631357,2025-05-28,98.295,98.31,98.275,98.29,51123.0
202603,IH6,411631357,2025-05-29,98.3,98.315,98.245,98.31,58795.0
202603,IH6,411631357,2025-05-30,98.31,98.315,98.275,98.285,53347.0
202603,IH6,411631357,2025-06-02,98.285,98.3,98.265,98.29,53301.0
202603,IH6,411631357,2025-06-03,98.285,98.315,98.285,98.305,62188.0
202603,IH6,411631357,2025-06-04,98.31,98.315,98.275,98.29,65722.0
202603,IH6,411631357,2025-06-05,98.295,98.32,98.195,98.205,183678.0
202603,IH6,411631357,2025-06-06,98.21,98.24,98.19,98.2,93774.0
202603,IH6,411631357,2025-06-09,98.21,98.235,98.2,98.21,63428.0
202603,IH6,411631357,2025-06-10,98.215,98.235,98.2,98.225,68833.0
202603,IH6,411631357,2025-06-11,98.23,98.25,98.215,98.24,51287.0
202603,IH6,411631357,2025-06-12,98.24,98.265,98.23,98.25,68349.0
202603,IH6,411631357,2025-06-13,98.255,98.29,98.2,98.21,99320.0
202603,IH6,411631357,2025-06-16,98.215,98.23,98.175,98.22,96166.0
202603,IH6,411631357,2025-06-17,98.21,98.225,98.185,98.195,74676.0
202603,IH6,411631357,2025-06-18,98.185,98.215,98.175,98.21,82294.0
202603,IH6,411631357,2025-06-19,98.2,98.22,98.19,98.21,77854.0
202603,IH6,411631357,2025-06-20,98.215,98.225,98.185,98.2,54244.0
202603,IH6,411631357,2025-06-23,98.185,98.22,98.165,98.2,94733.0
202603,IH6,411631357,2025-06-24,98.21,98.235,98.2,98.21,107218.0
202603,IH6,411631357,2025-06-25,98.21,98.24,98.2,98.22,70569.0
202603,IH6,411631357,2025-06-26,98.225,98.25,98.22,98.24,65223.0
202603,IH6,411631357,2025-06-27,98.23,98.24,98.2,98.205,77475.0
202603,IH6,411631357,2025-06-30,98.215,98.235,98.21,98.22,69872.0
202603,IH6,411631357,2025-07-01,98.215,98.25,98.215,98.23,58541.0
202603,IH6,411631357,2025-07-02,98.23,98.235,98.21,98.22,53619.0
202603,IH6,411631357,2025-07-03,98.215,98.24,98.21,98.235,61603.0
202603,IH6,411631357,2025-07-04,98.235,98.275,98.235,98.26,60282.0
202603,IH6,411631357,2025-07-07,98.265,98.275,98.24,98.245,70020.0
202603,IH6,411631357,2025-07-08,98.24,98.245,98.205,98.22,89892.0
202603,IH6,411631357,2025-07-09,98.22,98.235,98.21,98.23,48466.0
202603,IH6,411631357,2025-07-10,98.22,98.235,98.195,98.2,51876.0
202603,IH6,411631357,2025-07-11,98.195,98.215,98.17,98.17,107720.0
202603,IH6,411631357,2025-07-14,98.19,98.21,98.19,98.205,88879.0
202603,IH6,411631357,2025-07-15,98.215,98.235,98.205,98.215,67462.0
202603,IH6,411631357,2025-07-16,98.22,98.26,98.21,98.235,72394.0
202603,IH6,411631357,2025-07-17,98.255,98.255,98.215,98.23,60021.0
202603,IH6,411631357,2025-07-18,98.22,98.235,98.2,98.215,66945.0
202603,IH6,411631357,2025-07-21,98.23,98.255,98.23,98.25,45699.0
202603,IH6,411631357,2025-07-22,98.245,98.265,98.245,98.26,57922.0
202603,IH6,411631357,2025-07-23,98.255,98.27,98.205,98.265,107163.0
202603,IH6,411631357,2025-07-24,98.21,98.22,98.145,98.165,207893.0
202603,IH6,411631357,2025-07-25,98.155,98.16,98.11,98.14,119607.0
202603,IH6,411631357,2025-07-28,98.13,98.175,98.12,98.17,91884.0
202603,IH6,411631357,2025-07-29,98.17,98.175,98.14,98.155,68142.0
202603,IH6,411631357,2025-07-30,98.16,98.16,98.11,98.13,71991.0
202603,IH6,411631357,2025-07-31,98.115,98.125,98.1,98.115,85358.0
202603,IH6,411631357,2025-08-01,98.1,98.19,98.095,98.155,174654.0
202603,IH6,411631357,2025-08-04,98.16,98.18,98.14,98.17,45929.0
202603,IH6,411631357,2025-08-05,98.18,98.18,98.15,98.165,100817.0
202603,IH6,411631357,2025-08-06,98.17,98.175,98.15,98.165,43814.0
202603,IH6,411631357,2025-08-07,98.165,98.17,98.145,98.15,57068.0
202603,IH6,411631357,2025-08-08,98.15,98.15,98.115,98.125,77371.0
202603,IH6,411631357,2025-08-11,98.12,98.13,98.105,98.11,37321.0
202603,IH6,411631357,2025-08-12,98.11,98.125,98.1,98.11,71052.0
202603,IH6,411631357,2025-08-13,98.115,98.145,98.11,98.14,48608.0
202603,IH6,411631357,2025-08-14,98.13,98.145,98.125,98.125,47270.0
202603,IH6,411631357,2025-08-15,98.135,98.135,98.1,98.11,48520.0
202603,IH6,411631357,2025-08-18,98.11,98.12,98.105,98.11,44109.0
202603,IH6,411631357,2025-08-19,98.12,98.125,98.11,98.12,37931.0
202603,IH6,411631357,2025-08-20,98.12,98.145,98.115,98.14,36129.0
202603,IH6,411631357,2025-08-21,98.135,98.14,98.09,98.095,104563.0
202603,IH6,411631357,2025-08-22,98.09,98.115,98.08,98.11,80368.0
202603,IH6,411631357,2025-08-25,98.105,98.11,98.08,98.09,62752.0
202603,IH6,411631357,2025-08-26,98.1,98.115,98.095,98.11,51477.0
202603,IH6,411631357,2025-08-27,98.11,98.13,98.105,98.125,49503.0
202603,IH6,411631357,2025-08-28,98.125,98.125,98.1,98.105,64314.0
202603,IH6,411631357,2025-08-29,98.11,98.115,98.095,98.1,53559.0
202603,IH6,411631357,2025-09-01,98.115,98.115,98.085,98.095,41270.0
202603,IH6,411631357,2025-09-02,98.095,98.095,98.065,98.08,96175.0
202603,IH6,411631357,2025-09-03,98.075,98.095,98.07,98.085,41823.0
202603,IH6,411631357,2025-09-04,98.09,98.1,98.08,98.08,45485.0
202603,IH6,411631357,2025-09-05,98.08,98.115,98.08,98.11,86030.0
202603,IH6,411631357,2025-09-08,98.095,98.115,98.085,98.11,58815.0
202603,IH6,411631357,2025-09-09,98.1,98.105,98.085,98.09,53422.0
202603,IH6,411631357,2025-09-10,98.09,98.095,98.075,98.08,55571.0
202603,IH6,411631357,2025-09-11,98.075,98.095,98.04,98.04,181009.0
202603,IH6,411631357,2025-09-12,98.045,98.045,98.03,98.035,83581.0
202603,IH6,411631357,2025-09-15,98.04,98.05,98.03,98.035,54386.0
202603,IH6,411631357,2025-09-16,98.03,98.04,98.02,98.035,47296.0
202603,IH6,411631357,2025-09-17,98.04,98.045,98.025,98.03,57456.0
202603,IH6,411631357,2025-09-18,98.03,98.04,98.025,98.025,47230.0
202603,IH6,411631357,2025-09-19,98.03,98.03,98.02,98.02,35704.0
202603,IH6,411631357,2025-09-22,98.025,98.04,98.02,98.03,36997.0
202603,IH6,411631357,2025-09-23,98.03,98.04,98.02,98.025,48047.0
202603,IH6,411631357,2025-09-24,98.02,98.03,98.015,98.025,41745.0
202603,IH6,411631357,2025-09-25,98.025,98.025,98.005,98.015,72253.0
202603,IH6,411631357,2025-09-26,98.015,98.02,98.01,98.015,52350.0
202603,IH6,411631357,2025-09-29,98.015,98.025,98.01,98.015,39340.0
202603,IH6,411631357,2025-09-30,98.01,98.02,98.01,98.01,38617.0
202603,IH6,411631357,2025-10-01,98.015,98.025,98.0,98.015,83994.0
202603,IH6,411631357,2025-10-02,98.015,98.025,98.005,98.02,54491.0
202603,IH6,411631357,2025-10-03,98.02,98.02,98.01,98.01,34111.0
202603,IH6,411631357,2025-10-06,98.01,98.03,98.01,98.02,54255.0
202603,IH6,411631357,2025-10-07,98.025,98.025,98.015,98.02,54760.0
202603,IH6,411631357,2025-10-08,98.015,98.04,98.015,98.035,83236.0
202603,IH6,411631357,2025-10-09,98.03,98.035,98.025,98.025,56908.0
202603,IH6,411631357,2025-10-10,98.025,98.055,98.025,98.045,100274.0
202603,IH6,411631357,2025-10-13,98.05,98.065,98.04,98.055,72280.0
202603,IH6,411631357,2025-10-14,98.055,98.08,98.055,98.06,90005.0
202603,IH6,411631357,2025-10-15,98.065,98.07,98.05,98.06,91091.0
202603,IH6,411631357,2025-10-16,98.055,98.08,98.05,98.06,90867.0
202603,IH6,411631357,2025-10-17,98.075,98.09,98.055,98.07,135404.0
202603,IH6,411631357,2025-10-20,98.075,98.075,98.055,98.07,69158.0
202603,IH6,411631357,2025-10-21,98.065,98.075,98.06,98.07,52878.0
202603,IH6,411631357,2025-10-22,98.07,98.08,98.055,98.06,76166.0
202603,IH6,411631357,2025-10-23,98.065,98.065,98.045,98.055,58370.0
202603,IH6,411631357,2025-10-24,98.05,98.06,98.015,98.015,162072.0
202603,IH6,411631357,2025-10-27,98.015,98.02,98.005,98.015,51029.0
202603,IH6,411631357,2025-10-28,98.015,98.025,98.01,98.015,67434.0
202603,IH6,411631357,2025-10-29,98.02,98.025,98.005,98.02,52082.0
202603,IH6,411631357,2025-10-30,98.005,98.02,98.0,98.01,94798.0
202603,IH6,411631357,2025-10-31,98.015,98.02,98.01,98.015,52683.0
202603,IH6,411631357,2025-11-03,98.01,98.015,98.0,98.005,71311.0
202603,IH6,411631357,2025-11-04,98.01,98.015,98.005,98.005,45843.0
202603,IH6,411631357,2025-11-05,98.005,98.015,98.0,98.005,50888.0
202603,IH6,411631357,2025-11-06,98.005,98.01,97.995,98.0,63463.0
202603,IH6,411631357,2025-11-07,98.0,98.01,97.995,98.01,60843.0
202603,IH6,411631357,2025-11-10,98.005,98.005,97.995,98.0,40634.0
202603,IH6,411631357,2025-11-11,98.0,98.005,97.995,97.995,35400.0
202603,IH6,411631357,2025-11-12,97.995,97.995,97.985,97.995,66488.0
202603,IH6,411631357,2025-11-13,97.99,97.995,97.975,97.98,106725.0
202603,IH6,411631357,2025-11-14,97.98,97.99,97.975,97.975,65254.0
202603,IH6,411631357,2025-11-17,97.975,97.98,97.965,97.97,52588.0
202603,IH6,411631357,2025-11-18,97.975,97.985,97.97,97.98,58344.0
202603,IH6,411631357,2025-11-19,97.98,97.99,97.975,97.98,52370.0
202603,IH6,411631357,2025-11-20,97.975,97.985,97.975,97.98,60613.0
202603,IH6,411631357,2025-11-21,97.98,98.0,97.98,97.99,86290.0
202603,IH6,411631357,2025-11-24,97.98,97.99,97.975,97.985,47390.0
202603,IH6,411631357,2025-11-25,97.985,97.99,97.98,97.985,33218.0
202603,IH6,411631357,2025-11-26,97.99,97.995,97.98,97.985,71786.0
202603,IH6,411631357,2025-11-27,97.985,97.985,97.98,97.98,9728.0
202603,IH6,411631357,2025-11-28,97.98,97.985,97.97,97.98,37619.0
202603,IH6,411631357,2025-12-01,97.98,97.98,97.965,97.965,54785.0
202603,IH6,411631357,2025-12-02,97.965,97.975,97.965,97.97,63504.0
202603,IH6,411631357,2025-12-03,97.97,97.98,97.965,97.97,51361.0
202603,IH6,411631357,2025-12-04,97.97,97.97,97.965,97.97,23316.0
202603,IH6,411631357,2025-12-05,97.97,97.97,97.955,97.955,80651.0
202603,IH6,411631357,2025-12-08,97.96,97.96,97.935,97.94,182133.0
202603,IH6,411631357,2025-12-09,97.945,97.955,97.935,97.945,137628.0
202603,IH6,411631357,2025-12-10,97.945,97.955,97.93,97.945,139153.0
202603,IH6,411631357,2025-12-11,97.95,97.955,97.94,97.94,90922.0
202603,IH6,411631357,2025-12-12,97.94,97.95,97.935,97.94,60830.0
202603,IH6,411631357,2025-12-15,97.945,97.945,97.935,97.94,70673.0
202603,IH6,411631357,2025-12-16,97.94,97.945,97.94,97.945,41681.0
202603,IH6,411631357,2025-12-17,97.94,97.95,97.94,97.945,32042.0
202603,IH6,411631357,2025-12-18,97.945,97.95,97.93,97.94,68739.0
202603,IH6,411631357,2025-12-19,97.94,97.945,97.94,97.945,25327.0
202603,IH6,411631357,2025-12-22,97.94,97.945,97.94,97.945,17468.0
202603,IH6,411631357,2025-12-23,97.945,97.95,97.945,97.95,30206.0
202603,IH6,411631357,2025-12-24,97.95,97.955,97.945,97.95,14655.0
202603,IH6,411631357,2025-12-29,97.945,97.965,97.945,97.96,48828.0
202603,IH6,411631357,2025-12-30,97.965,97.965,97.96,97.965,26973.0
202603,IH6,411631357,2025-12-31,97.965,97.97,97.955,97.96,24475.0
202603,IH6,411631357,2026-01-02,97.955,97.96,97.95,97.955,55606.0
202603,IH6,411631357,2026-01-05,97.955,97.955,97.95,97.95,15577.0
202603,IH6,411631357,2026-01-06,97.955,97.965,97.95,97.955,61788.0
202603,IH6,411631357,2026-01-07,97.96,97.965,97.955,97.965,39166.0
202603,IH6,411631357,2026-01-08,97.96,97.965,97.95,97.95,41408.0
202603,IH6,411631357,2026-01-09,97.955,97.96,97.945,97.95,52625.0
202603,IH6,411631357,2026-01-12,97.95,97.955,97.95,97.95,13457.0
202603,IH6,411631357,2026-01-13,97.955,97.955,97.945,97.955,37561.0
202603,IH6,411631357,2026-01-14,97.955,97.96,97.95,97.955,27347.0
202603,IH6,411631357,2026-01-15,97.955,97.955,97.945,97.95,37502.0
202603,IH6,411631357,2026-01-16,97.95,97.95,97.945,97.945,16636.0
202603,IH6,411631357,2026-01-19,97.95,97.96,97.945,97.95,63587.0
202603,IH6,411631357,2026-01-20,97.95,97.96,97.945,97.955,58515.0
202603,IH6,411631357,2026-01-21,97.96,97.96,97.945,97.95,44985.0
202603,IH6,411631357,2026-01-22,97.945,97.955,97.945,97.95,26167.0
202603,IH6,411631357,2026-01-23,97.945,97.95,97.94,97.945,44715.0
202603,IH6,411631357,2026-01-26,97.945,97.95,97.945,97.945,10138.0
202603,IH6,411631357,2026-01-27,97.945,97.955,97.945,97.945,39835.0
202603,IH6,411631357,2026-01-28,97.955,97.96,97.95,97.955,54198.0
202603,IH6,411631357,2026-01-29,97.955,97.96,97.95,97.96,25888.0
202603,IH6,411631357,2026-01-30,97.955,97.96,97.95,97.955,85395.0
202603,IH6,411631357,2026-02-02,97.955,97.96,97.95,97.955,58131.0
202603,IH6,411631357,2026-02-03,97.955,97.955,97.95,97.95,16130.0
202603,IH6,411631357,2026-02-04,97.95,97.955,97.945,97.955,37863.0
202603,IH6,411631357,2026-02-05,97.95,97.955,97.945,97.955,46181.0
202603,IH6,411631357,2026-02-06,97.955,97.96,97.95,97.955,31410.0
202603,IH6,411631357,2026-02-09,97.96,97.965,97.955,97.96,41344.0
202603,IH6,411631357,2026-02-10,97.96,97.965,97.955,97.965,27826.0
202603,IH6,411631357,2026-02-11,97.965,97.965,97.955,97.96,33998.0
202603,IH6,411631357,2026-02-12,97.955,97.965,97.955,97.96,23690.0
202603,IH6,411631357,2026-02-13,97.96,97.965,97.955,97.96,48595.0
202603,IH6,411631357,2026-02-16,97.96,97.96,97.955,97.96,9912.0
202603,IH6,411631357,2026-02-17,97.96,97.965,97.955,97.955,44860.0
202603,IH6,411631357,2026-02-18,97.96,97.96,97.955,97.96,11231.0
202603,IH6,411631357,2026-02-19,97.955,97.96,97.95,97.955,18234.0
202603,IH6,411631357,2026-02-20,97.95,97.955,97.95,97.95,22709.0
202603,IH6,411631357,2026-02-23,97.95,97.955,97.95,97.955,25848.0
202603,IH6,411631357,2026-02-24,97.955,97.955,97.95,97.955,25310.0
202603,IH6,411631357,2026-02-25,97.95,97.96,97.95,97.96,40792.0
202603,IH6,411631357,2026-02-26,97.96,97.96,97.955,97.955,20232.0
202603,IH6,411631357,2026-02-27,97.96,97.96,97.95,97.96,56692.0
202603,IH6,411631357,2026-03-02,97.955,97.965,97.94,97.945,124666.0
202603,IH6,411631357,2026-03-03,97.94,97.945,97.91,97.925,203116.0
202603,IH6,411631357,2026-03-04,97.93,97.94,97.905,97.93,86707.0
202603,IH6,411631357,2026-03-05,97.93,97.93,97.905,97.915,179665.0
202603,IH6,411631357,2026-03-06,97.925,97.93,97.89,97.91,182916.0
202603,IH6,411631357,2026-03-09,97.88,97.915,97.83,97.9,256535.0
202603,IH6,411631357,2026-03-10,97.91,97.925,97.88,97.91,138672.0
202603,IH6,411631357,2026-03-11,97.89,97.9,97.865,97.875,154445.0
202603,IH6,411631357,2026-03-12,97.86,97.875,97.825,97.855,172776.0
202603,IH6,411631357,2026-03-13,97.845,97.86,97.835,97.855,117986.0
202603,IH6,411631357,2026-03-16,97.85,97.86,97.845,97.845,39166.0
